Date,Open,High,Low,Close,Volume,Open_N,High_N,Low_N,Close_N,Volume_N
2012-12-05,12948.96,13089.11,12923.44,13034.49,161236512,0.544011115,0.547984624,0.546784991,0.551402679,0.181033219
2012-12-06,13026.19,13076.88,13007.84,13074.04,116856104,0.550573799,0.546934095,0.553935951,0.554764248,0.118064218
2012-12-07,13072.87,13157.28,13072.87,13155.13,124204760,0.554540472,0.553840273,0.55944575,0.561656527,0.128490836
2012-12-10,13154.89,13195.35,13139.08,13169.88,118527536,0.561510191,0.5571104,0.565055526,0.562910209,0.120435724
2012-12-11,13170.34,13306.57,13170.34,13248.44,124513280,0.562823068,0.566663947,0.567704093,0.569587449,0.128928578
2012-12-12,13250.05,13329.44,13227.44,13245.45,127511456,0.569596492,0.568628428,0.572542006,0.569333313,0.133182531
2012-12-13,13241.38,13264.41,13147.19,13170.72,101190120,0.568859752,0.563042498,0.565742662,0.562981605,0.095836587
2012-12-14,13170.8,13190.41,13118.46,13135.01,117623872,0.562862156,0.556686065,0.563308455,0.559946419,0.119153564
2012-12-17,13135.17,13244.33,13134.63,13235.39,142976976,0.559834467,0.561317671,0.564678491,0.568478259,0.155125735
2012-12-18,13236.61,13365.86,13232.58,13350.96,152927744,0.568454417,0.571756824,0.572977502,0.57830118,0.16924435
2012-12-19,13351.04,13357.7,13251.74,13251.97,149023328,0.578178203,0.571055898,0.574600872,0.569887483,0.163704582
2012-12-20,13246.67,13314.64,13216.03,13311.72,119803224,0.569309274,0.567357141,0.57157527,0.574965959,0.12224573
2012-12-21,13309.95,13309.95,13122.53,13190.84,413314464,0.574686545,0.566954281,0.563653294,0.564691713,0.538693218
2012-12-24,13190.15,13190.38,13128.55,13139.08,47711104,0.564506439,0.556683488,0.56416335,0.56029235,0.019958055
2012-12-26,13138.85,13174.88,13076.87,13114.59,79413600,0.560147178,0.555352073,0.559784658,0.558210812,0.064939041
2012-12-27,13114.97,13141.74,12964.08,13096.31,100161152,0.558117955,0.552505422,0.550228297,0.556657096,0.094376639
2012-12-28,13095.08,13095.46,12926.86,12938.11,86001232,0.556427785,0.548530075,0.547074757,0.543210821,0.074285882
2012-12-31,12938.19,13109.13,12883.89,13104.14,145769536,0.543095925,0.549704297,0.543434037,0.55732261,0.159087949
2013-01-02,13104.3,13412.71,13104.3,13412.55,161434704,0.557211263,0.575781133,0.56210872,0.583536047,0.181314423
2013-01-03,13413.01,13430.6,13358.3,13391.36,129636720,0.583444156,0.577317843,0.583629384,0.581734994,0.136197955
2013-01-04,13391.05,13447.11,13376.23,13435.21,107589664,0.581578086,0.578736015,0.585148539,0.585462044,0.10491656
2013-01-07,13436.13,13436.13,13343.32,13384.29,113121848,0.585408798,0.577792858,0.582360173,0.581134077,0.112765881
2013-01-08,13377.42,13377.42,13293.13,13328.85,129570272,0.580419866,0.572749801,0.578107724,0.576421931,0.136103675
2013-01-09,13329.92,13416.55,13329.08,13390.51,123067992,0.576383513,0.57611098,0.58115366,0.581662748,0.126877936
2013-01-10,13391.82,13478.2,13382.29,13471.22,133524904,0.581643518,0.581406575,0.585661985,0.588522729,0.141714692
2013-01-11,13471.45,13496.68,13439.97,13488.43,119203616,0.588410144,0.582993966,0.59054904,0.5899855,0.121394978
2013-01-14,13488.43,13520.18,13459.84,13507.32,118464424,0.589853034,0.585012563,0.592232566,0.591591063,0.120346178
2013-01-15,13507.32,13546.37,13445.8,13534.89,102278792,0.591458228,0.587262224,0.591042998,0.593934387,0.097381246
2013-01-16,13534.89,13534.89,13468.96,13511.23,118544832,0.593801012,0.586276118,0.593005276,0.591923395,0.120460265
2013-01-17,13511.23,13633.89,13510.24,13596.02,184196224,0.591790484,0.594779994,0.596502807,0.599130157,0.213609533
2013-01-18,13596.02,13649.93,13571.86,13649.7,260922176,0.598995586,0.596157794,0.601723687,0.603692711,0.322471906
2013-01-22,13649.7,13712.21,13622.96,13712.21,144308656,0.603557089,0.601507505,0.606053237,0.609005775,0.157015184
2013-01-23,13712.21,13794.29,13710.13,13779.33,104535440,0.608868929,0.608557992,0.613438892,0.614710667,0.100583084
2013-01-24,13779.33,13879.66,13779.33,13825.33,124943368,0.614572508,0.615891082,0.619302002,0.618620456,0.129538807
2013-01-25,13825.33,13895.98,13825.33,13895.98,130306384,0.618481397,0.617292933,0.623199445,0.624625383,0.137148105
2013-01-28,13895.98,13915.72,13862.57,13881.93,113581600,0.62448494,0.618988554,0.626354679,0.623431197,0.113418199
2013-01-29,13881.93,13969.99,13880.01,13954.42,108235360,0.62329103,0.623650224,0.627832318,0.629592515,0.105832703
2013-01-30,13954.42,13966.13,13896.95,13910.42,117198624,0.629450929,0.623318659,0.629267594,0.625852717,0.118550202
2013-01-31,13910.42,13941.06,13860.58,13860.58,142604528,0.625711991,0.621165203,0.626186072,0.621616545,0.154597288
2013-02-01,13860.58,14019.78,13860.58,14009.79,128435480,0.621476795,0.627927073,0.626186072,0.634298711,0.134493579
2013-02-04,14009.79,14009.79,13866.83,13880.08,130421952,0.634156041,0.627068954,0.626715616,0.623273956,0.137312079
2013-02-05,13880.08,14013.6,13880.08,13979.3,134392432,0.623133824,0.627396225,0.627838249,0.631707201,0.142945582
2013-02-06,13979.3,13991.61,13913.18,13986.52,127632360,0.631565128,0.625507334,0.630642714,0.632320868,0.133354075
2013-02-07,13986.52,13988.06,13852.2,13944.05,118534072,0.632178653,0.625202397,0.62547606,0.628711112,0.120444998
2013-02-08,13944.05,14022.62,13944.05,13992.97,99867336,0.628569729,0.628171022,0.633258237,0.632869088,0.093959759
2013-02-11,13992.97,13992.97,13940.41,13971.24,75085864,0.632726747,0.625624154,0.632949831,0.631022138,0.058798647
2013-02-12,13971.24,14038.97,13968.94,14018.7,117189824,0.630880222,0.62957545,0.635367093,0.63505602,0.118537716
2013-02-13,14018.7,14029.35,13945.78,13982.91,132945640,0.634913176,0.628749114,0.633404815,0.632014034,0.140892805
2013-02-14,13982.91,13990.36,13921.94,13973.39,114799768,0.63187189,0.625399961,0.631384922,0.631204878,0.115146593
2013-02-15,13973.39,14001.93,13906.73,13981.76,195674928,0.63106292,0.626393798,0.630096224,0.63191629,0.229896056
2013-02-19,13981.76,14044.82,13977.9,14035.67,136420208,0.631774168,0.630077952,0.636126247,0.636498393,0.145822685
2013-02-20,14035.67,14058.27,13919.28,13927.54,138543904,0.636355216,0.631233277,0.631159549,0.627307838,0.148835884
2013-02-21,13927.54,13927.54,13834.4,13880.62,131426112,0.627166778,0.620003865,0.623967919,0.623319853,0.138736828
2013-02-22,13880.62,14001.19,13880.62,14000.57,139848512,0.623179711,0.626330234,0.627884002,0.633515054,0.150686923
2013-02-25,14000.57,14081.58,13784.01,13784.17,152250736,0.633372564,0.633235553,0.619698524,0.615122045,0.168283779
2013-02-26,13784.17,13918.44,13784.17,13900.13,132591608,0.614983791,0.619222196,0.619712081,0.624978114,0.140390488
2013-02-27,13900.13,14104.86,13880.19,14075.37,107010728,0.62483759,0.635235252,0.627847569,0.639872711,0.104095138
2013-02-28,14075.37,14149.15,14050.18,14054.49,177172416,0.639728757,0.639039663,0.642250316,0.638098007,0.203643826
2013-03-01,14054.49,14107.09,13937.6,14089.66,125918192,0.637954461,0.635426804,0.632711748,0.641087295,0.130921933
2013-03-04,14089.66,14128.21,14030.37,14127.82,110810832,0.640943062,0.637240965,0.640571874,0.644330721,0.109486904
2013-03-05,14127.82,14286.37,14127.82,14253.77,112101288,0.64418574,0.650826551,0.648828522,0.655035894,0.111317863
2013-03-06,14253.77,14320.65,14253,14296.24,116516400,0.654888448,0.653771125,0.65943465,0.658645649,0.117582231
2013-03-07,14296.24,14354.69,14296.24,14329.49,117082952,0.658497372,0.656695085,0.663098247,0.661471747,0.118386081
2013-03-08,14329.49,14413.17,14329.49,14397.07,115634088,0.661322819,0.661718384,0.66591542,0.667215737,0.116330365
2013-03-11,14397.07,14448.06,14373.32,14447.29,94883384,0.667065487,0.664715356,0.669629006,0.671484207,0.086888295
2013-03-12,14447.29,14478.8,14412.06,14450.06,102098856,0.671332974,0.667355853,0.672911331,0.671719644,0.097125944
2013-03-13,14450.06,14472.8,14411.66,14455.28,83940720,0.671568357,0.666840466,0.67287744,0.67216332,0.071362331
2013-03-14,14455.28,14539.29,14455.28,14539.14,117399728,0.672011931,0.672551807,0.676573233,0.679291036,0.118835538
2013-03-15,14539.14,14539.14,14470.5,14514.11,407918336,0.679138005,0.672538922,0.677862778,0.677163601,0.531036939
2013-03-18,14514.11,14521.59,14404.21,14452.06,119640992,0.67701106,0.671031417,0.672246224,0.671889635,0.122015548
2013-03-19,14452.06,14514.34,14382.09,14455.82,122170000,0.671738308,0.670408658,0.670372062,0.672209218,0.125603823
2013-03-20,14455.82,14546.82,14455.82,14511.73,121260176,0.672057818,0.673198617,0.676618985,0.676961312,0.124312922
2013-03-21,14511.73,14511.73,14383.02,14421.49,110467656,0.676808817,0.670184465,0.670450858,0.669291325,0.108999989
2013-03-22,14421.49,14519.95,14421.49,14512.03,101457824,0.669140597,0.670890545,0.673710306,0.67698681,0.096216418
2013-03-25,14512.03,14563.75,14395,14447.75,124842544,0.67683431,0.674652866,0.671465888,0.671523305,0.129395753
2013-03-26,14447.75,14561.54,14447.75,14559.65,96035680,0.671372062,0.674463032,0.675935238,0.681034292,0.088523226
2013-03-27,14559.65,14559.65,14439.55,14526.16,92677952,0.68088086,0.674300685,0.675240476,0.678187796,0.083759125
2013-03-28,14526.16,14585.1,14520.86,14578.54,153731136,0.678035019,0.676486782,0.682129631,0.682639856,0.17038424
2013-04-01,14578.54,14605.72,14531.48,14572.85,91400496,0.682486053,0.678257994,0.683029432,0.682156232,0.08194661
2013-04-02,14572.85,14684.49,14572.85,14662.01,98423136,0.682002541,0.685024159,0.686534589,0.689734423,0.091910661
2013-04-03,14662.01,14683.13,14525.36,14550.35,127139144,0.689578987,0.684907338,0.682510902,0.680243835,0.132654277
2013-04-04,14550.35,14625.24,14538.72,14606.11,104975984,0.680090584,0.679934718,0.683642855,0.684983179,0.101208148
2013-04-05,14606.11,14606.11,14434.43,14565.25,131261216,0.684828837,0.678291494,0.674806674,0.681510267,0.138502866
2013-04-08,14565.25,14613.48,14497.8,14613.48,106702992,0.681356724,0.67892456,0.680175826,0.685609596,0.103658508
2013-04-09,14613.48,14716.46,14598.5,14673.46,128585728,0.685455109,0.687770309,0.688707837,0.690707621,0.134706758
2013-04-10,14673.46,14826.66,14673.46,14802.24,120616752,0.690551961,0.69723624,0.695058974,0.701653331,0.123400002
2013-04-11,14802.24,14887.51,14785.36,14865.14,144577856,0.70149515,0.702463118,0.704539928,0.706999543,0.157397138
2013-04-12,14865.14,14865.21,14790.57,14865.06,119583592,0.706840131,0.700547598,0.704981356,0.706992743,0.121934106
2013-04-15,14865.06,14865.06,14598.58,14599.2,161727024,0.706833333,0.700534713,0.688714615,0.684395861,0.18172918
2013-04-16,14599.2,14761.73,14599.2,14756.78,126814512,0.684241654,0.6916589,0.688767146,0.697789439,0.132193674
2013-04-17,14756.78,14756.78,14560.81,14618.59,168015376,0.697632148,0.691233706,0.685514475,0.686043922,0.190651389
2013-04-18,14618.59,14650.26,14495.29,14537.14,158226640,0.685889336,0.682083879,0.679963161,0.679121045,0.176762672
2013-04-19,14537.14,14553.73,14444.03,14547.51,207210784,0.678968053,0.67379217,0.675620054,0.680002448,0.246263668
2013-04-22,14547.51,14588.83,14457.6,14567.17,146901424,0.679849253,0.676807181,0.676769799,0.681673458,0.160693925
2013-04-23,14567.17,14721.42,14554.29,14719.46,137341184,0.681519878,0.688196362,0.684962055,0.69461741,0.147129409
2013-04-24,14719.46,14747.42,14666.54,14676.3,138025760,0.69446085,0.690429703,0.694472663,0.690949008,0.148100717
2013-04-25,14676.3,14768.05,14665.45,14700.8,129610760,0.690793292,0.692201774,0.694380311,0.693031396,0.136161122
2013-04-26,14700.8,14743.49,14684.82,14712.55,128914232,0.6928752,0.690092125,0.696021473,0.694030092,0.135172855
2013-04-29,14712.55,14844.96,14712.55,14818.75,97057144,0.693873666,0.698808169,0.698370954,0.703056605,0.089972527
2013-04-30,14818.75,14839.8,14734.47,14839.8,148247808,0.702898101,0.698364937,0.70022817,0.704845759,0.162604238
2013-05-01,14839.8,14839.8,14687.05,14700.95,112623728,0.704686843,0.698364937,0.696210414,0.693044145,0.112059125
2013-05-02,14700.95,14834.63,14700.95,14831.58,91178144,0.692887947,0.697920845,0.69738812,0.704147096,0.081631127
2013-05-03,14831.58,15009.59,14831.58,14973.96,119896432,0.703988341,0.712949514,0.708456011,0.716248744,0.122377978
2013-05-06,14973.96,14988.87,14941.09,14968.89,116156856,0.716087202,0.711169712,0.717734467,0.715817817,0.117072093
2013-05-07,14968.89,15056.67,14968.89,15056.2,117235208,0.715656375,0.716993579,0.720089878,0.723238767,0.118602109
2013-05-08,15056.2,15106.81,15021.87,15105.12,113510240,0.723075616,0.721300492,0.724578716,0.727396743,0.11331695
2013-05-09,15105.12,15144.83,15046.87,15082.62,97835624,0.727232634,0.724566324,0.726696892,0.725484346,0.091077071
2013-05-10,15082.62,15118.49,15038.18,15118.49,98981536,0.725320678,0.722303777,0.725960614,0.728533132,0.092702945
2013-05-13,15113.42,15113.42,15053.46,15091.68,94281384,0.727937934,0.721868276,0.727255243,0.726254405,0.086034149
2013-05-14,15092.15,15219.55,15089.3,15215.25,124596784,0.726130497,0.730984603,0.730291859,0.736757289,0.129047058
2013-05-15,15211.87,15301.34,15175.39,15275.69,125469224,0.736303806,0.738010179,0.737586009,0.741894412,0.130284916
2013-05-16,15273.92,15302.49,15215.82,15233.22,145098336,0.741576557,0.738108961,0.741011522,0.738284656,0.158135619
2013-05-17,15234.75,15357.4,15234.75,15354.4,175772096,0.738248053,0.742825606,0.742615405,0.748584401,0.201656986
2013-05-20,15348.33,15391.84,15314.15,15335.28,116476432,0.74789961,0.745783924,0.74934273,0.746959289,0.117525522
2013-05-21,15334.97,15434.5,15325.68,15387.58,122968256,0.746764332,0.749448322,0.750319633,0.751404549,0.126736426
2013-05-22,15387.12,15542.4,15265.96,15307.17,171866704,0.751195823,0.758716688,0.745259735,0.744570068,0.196115833
2013-05-23,15300.57,15348.41,15180.23,15294.5,148814800,0.743841163,0.742053385,0.737996087,0.743493176,0.163408713
2013-05-24,15290.74,15306.71,15199.63,15303.1,105656048,0.743005851,0.73847145,0.739639792,0.744224136,0.102173055
2013-05-28,15307.33,15521.49,15307.33,15409.39,130690192,0.7444156,0.756920566,0.748764892,0.753258299,0.13769267
2013-05-29,15399.94,15400.25,15229.53,15302.8,114024616,0.752285213,0.746506324,0.74217313,0.744198638,0.114046771
2013-05-30,15306.02,15398.7,15280.99,15324.53,121148976,0.744304282,0.746373183,0.746533182,0.746045588,0.124155146
2013-05-31,15322.22,15392.38,15115.57,15115.57,208850816,0.74568089,0.745830309,0.732517638,0.728284945,0.248590623
2013-06-03,15123.55,15254.11,15123.55,15254.03,148349152,0.728798739,0.733953229,0.73319376,0.740053411,0.162748029
2013-06-04,15255.22,15304.98,15100.78,15177.54,134321264,0.739987509,0.738322847,0.731264525,0.733552112,0.142844605
2013-06-05,15168.1,15168.63,14945.57,14960.59,141411440,0.732584413,0.72661069,0.718114044,0.715112355,0.152904479
2013-06-06,14955.45,15040.62,14844.22,15040.62,140407952,0.714514299,0.71561492,0.709526961,0.721914539,0.151480683
2013-06-07,15044.46,15255.58,15044.46,15248.12,137384896,0.722077999,0.734079498,0.726492699,0.739551088,0.14719143
2013-06-10,15247.81,15300.64,15211.25,15238.59,94245072,0.739357838,0.73795005,0.74062432,0.738741082,0.085982628
2013-06-11,15231.38,15251.07,15086.09,15122.02,101628160,0.737961684,0.7336921,0.730019885,0.728833166,0.096458099
2013-06-12,15130.39,15241.28,14981.21,14995.23,105782608,0.729379974,0.732851161,0.721133715,0.718056597,0.102352624
2013-06-13,14992.54,15202.27,14953.45,15176.08,104486912,0.717666053,0.72950029,0.718781693,0.733428018,0.10051423
2013-06-14,15178.08,15205.92,15044.8,15070.18,107442528,0.733432472,0.729813817,0.726521507,0.724427003,0.104707796
2013-06-17,15078.71,15261.71,15078.71,15179.85,139259776,0.724988422,0.734606051,0.7293946,0.733748451,0.149851597
2013-06-18,15186.3,15340.09,15186.3,15318.23,99220656,0.734130973,0.741338716,0.73851038,0.745510117,0.093042219
2013-06-19,15315.47,15322.07,15112.11,15112.19,111400000,0.745107303,0.739790839,0.732224483,0.727997661,0.110322843
2013-06-20,15105.51,15105.51,14732.03,14758.32,172632352,0.727265775,0.721188825,0.700021436,0.697920332,0.19720217
2013-06-21,14760.62,14858.56,14688.43,14799.4,420078112,0.697958455,0.699976378,0.696327338,0.701411944,0.548289799
2013-06-24,14795.79,14795.79,14551.27,14659.56,158666976,0.700947056,0.694584577,0.684706179,0.689526185,0.177387441
2013-06-25,14669.69,14812.03,14669.69,14760.31,135942112,0.690231602,0.695979556,0.694739553,0.698089473,0.14514434
2013-06-26,14769.99,14938.98,14769.68,14910.14,133235280,0.698754679,0.706884274,0.703211408,0.710824337,0.14130376
2013-06-27,14921.28,15075.01,14921.28,15024.49,113654592,0.711610675,0.718568944,0.716056025,0.720543563,0.113521763
2013-06-28,15016.58,15034.63,14884.8,14909.6,230033920,0.719708873,0.715100393,0.712965183,0.710778439,0.278646202
2013-07-01,14911.6,15083.28,14911.6,14974.96,120573040,0.710788108,0.719279318,0.715235867,0.71633374,0.123337981
2013-07-02,14973.04,15049.22,14870.51,14932.41,116609184,0.716009024,0.716353641,0.711754434,0.712717185,0.117713877
2013-07-03,14923.73,15025.9,14858.93,14988.55,60999072,0.711818865,0.714350506,0.710773295,0.717488827,0.038811647
2013-07-05,14995.46,15137.51,14971.2,15135.84,94572944,0.717914183,0.723937552,0.720285598,0.730007803,0.086447828
2013-07-08,15137.22,15262.72,15137.22,15224.69,136831616,0.729960359,0.734692808,0.734351978,0.737559646,0.14640641
2013-07-09,15228.46,15320.42,15228.46,15300.34,109275112,0.737713555,0.739649108,0.742082472,0.743989549,0.107307952
2013-07-10,15298.03,15348.95,15258.89,15291.66,105048048,0.743625325,0.74209977,0.744660715,0.743251789,0.101310396
2013-07-11,15298,15483.55,15298,15460.92,125033824,0.743622775,0.753661606,0.747974389,0.757638113,0.12966715
2013-07-12,15460.69,15498.39,15410.27,15464.3,130147848,0.757447496,0.754936328,0.757486692,0.757925398,0.136923167
2013-07-15,15459.69,15509.48,15455.77,15484.26,99433680,0.75736252,0.755888934,0.761341771,0.759621906,0.093344468
2013-07-16,15485.03,15498.16,15415.71,15451.85,105978392,0.759515808,0.754916572,0.757947607,0.756867205,0.102630411
2013-07-17,15456.92,15502,15438.12,15470.52,126980872,0.757127137,0.755246419,0.759846339,0.758454069,0.132429713
2013-07-18,15465.91,15589.4,15465.91,15548.54,136347792,0.757891069,0.762753882,0.762200903,0.765085412,0.145719938
2013-07-19,15524.27,15544.55,15491.96,15543.74,229878240,0.76285026,0.758901368,0.764408042,0.764677434,0.278425316
2013-07-22,15543.97,15576.21,15516.2,15545.55,130827424,0.764524284,0.76162089,0.766461825,0.764831276,0.137887381
2013-07-23,15547,15604.22,15544.06,15567.74,98712832,0.764781761,0.764026886,0.76882232,0.766717324,0.092321695
2013-07-24,15576.69,15602.6,15496.84,15542.24,99343464,0.767304694,0.763887732,0.76482151,0.764549941,0.093216465
2013-07-25,15539.17,15560.33,15455.59,15555.61,103260128,0.7641164,0.760256834,0.76132652,0.76568633,0.098773611
2013-07-26,15547.85,15560.97,15405.16,15558.83,94887040,0.76485399,0.760311809,0.757053736,0.765960015,0.086893482
2013-07-29,15557.14,15557.14,15482.27,15521.97,87241352,0.765643416,0.75998282,0.763587037,0.762827084,0.076045422
2013-07-30,15534.49,15593.91,15479.13,15520.59,117552664,0.763718713,0.76314128,0.763320994,0.76270979,0.11905253
2013-07-31,15528.57,15634.32,15492.96,15499.54,145134320,0.763215656,0.766612408,0.764492769,0.760920636,0.158186675
2013-08-01,15503.85,15650.69,15503.85,15628.02,111047824,0.761115053,0.768018554,0.765415446,0.771840848,0.109823159
2013-08-02,15627.56,15658.43,15558.68,15658.36,104848928,0.771627415,0.768683402,0.770061029,0.774419609,0.101027875
2013-08-05,15651.98,15655.21,15584.83,15612.13,76853536,0.773702525,0.768406812,0.772276641,0.770490271,0.061306702
2013-08-06,15608.44,15608.44,15473.4,15518.74,87765912,0.770002677,0.764389374,0.762835508,0.762552548,0.076789692
2013-08-07,15516.21,15516.21,15421.75,15470.67,88433536,0.762165354,0.756467026,0.758459358,0.758466819,0.077736948
2013-08-08,15477.27,15557.12,15418.6,15498.32,90996568,0.758856395,0.759981102,0.758192468,0.760816942,0.081373498
2013-08-09,15496.63,15507.76,15346.65,15425.51,81189880,0.760501527,0.75574119,0.752096358,0.754628426,0.06745931
2013-08-12,15415.22,15441.75,15359.93,15419.68,78072064,0.753583644,0.75007108,0.753221533,0.754132902,0.063035607
2013-08-13,15420.68,15504.14,15342.34,15451.01,84811208,0.754047612,0.75543024,0.751731185,0.756795809,0.07259742
2013-08-14,15447.71,15453.08,15316.62,15337.66,95201352,0.756344509,0.751044302,0.749552006,0.747161578,0.087339443
2013-08-15,15332.71,15332.71,15094.03,15112.19,128358232,0.746572287,0.740704791,0.730692618,0.727997661,0.134383976
2013-08-16,15112.57,15139.77,15054.38,15081.47,151636336,0.727865704,0.724131681,0.727333192,0.725386602,0.16741204
2013-08-19,15076.79,15106.39,15005.42,15010.74,111655416,0.724825268,0.721264415,0.723184957,0.719374876,0.110685239
2013-08-20,15011.82,15074.92,14992.16,15002.99,102348888,0.719304388,0.718561213,0.722061476,0.718716161,0.097480701
2013-08-21,14993.81,15019.7,14880.84,14897.55,98348088,0.717773973,0.71381794,0.712629664,0.709754244,0.091804179
2013-08-22,14908.6,14989.12,14899,14963.74,153487170,0.710533181,0.711191187,0.714168307,0.715380091,0.17003809
2013-08-23,14988.78,15025.56,14931.24,15010.51,131900432,0.717346544,0.7143213,0.716899906,0.719355327,0.139409815
2013-08-26,15014.58,15049.98,14945.24,14946.46,102830336,0.719538921,0.716418923,0.718086084,0.71391137,0.098163802
2013-08-27,14939.25,14939.25,14765.42,14776.13,118612880,0.713137691,0.706907467,0.702850471,0.699434101,0.120556815
2013-08-28,14770.99,14867.4,14760.41,14824.51,104626128,0.698839655,0.700735714,0.702425989,0.703546179,0.100711756
2013-08-29,14817.91,14916.01,14792.11,14840.95,93184168,0.702826722,0.704911203,0.705111835,0.704943504,0.084477367
2013-08-30,14844.1,14848.24,14762.35,14810.31,135881984,0.705052239,0.699089913,0.702590359,0.702339244,0.145059028
2013-09-03,14801.55,14933.35,14777.48,14833.96,142531472,0.701436517,0.70640067,0.703872279,0.704349386,0.154493633
2013-09-04,14832.42,14956.74,14799.09,14930.87,122150296,0.704059721,0.708409818,0.70570323,0.712586292,0.125575866
2013-09-05,14929.49,14987.47,14923.27,14937.48,101020664,0.712308326,0.711049456,0.716224632,0.713148111,0.095596155
2013-09-06,14941.55,15009.84,14789.4,14922.5,108420144,0.713333135,0.712970988,0.704882225,0.71187488,0.106094884
2013-09-09,14927.19,15088.41,14927.19,15063.12,90662752,0.712112882,0.719719973,0.716556762,0.723826936,0.080899864
2013-09-10,15067.23,15192.13,15067.23,15191.06,103198320,0.724012899,0.728629287,0.728421934,0.73470125,0.098685915
2013-09-11,15194.13,15326.6,15194.13,15326.6,102087736,0.734796334,0.740179956,0.739173793,0.746221529,0.097110167
2013-09-12,15327.14,15345.32,15283.26,15300.64,99758208,0.746098971,0.741787961,0.746725512,0.744015048,0.093804923
2013-09-13,15312.86,15380.97,15312.86,15376.06,90913232,0.744885516,0.744850216,0.749233432,0.750425402,0.081255257
2013-09-16,15381.36,15549.87,15381.36,15494.78,105750872,0.750706362,0.759358344,0.755037233,0.760516058,0.102307595
2013-09-17,15503.15,15555.07,15503.15,15529.73,104480304,0.76105557,0.759805012,0.765356137,0.763486648,0.100504854
2013-09-18,15533.03,15709.58,15470.16,15676.94,145407584,0.763594648,0.773077072,0.762560993,0.775998824,0.158574395
2013-09-19,15677.86,15695.89,15625.45,15636.55,116282160,0.7759017,0.771901132,0.775718252,0.772565859,0.11724988
2013-09-20,15635.09,15654.77,15448.09,15451.09,379706816,0.772267283,0.768369017,0.760691067,0.756802608,0.491009114
2013-09-23,15452.31,15466.95,15368.25,15401.38,94958000,0.756735398,0.752235703,0.753926462,0.752577486,0.086994163
2013-09-24,15402.54,15433.75,15327.14,15334.59,85429608,0.75250615,0.749383898,0.750443334,0.746900642,0.073474835
2013-09-25,15339.02,15372.48,15253.16,15273.26,81894896,0.747108484,0.744120944,0.744175229,0.741687873,0.06845962
2013-09-26,15274.42,15387.19,15274.42,15328.3,79062424,0.741619045,0.7453845,0.745976526,0.746366021,0.064440776
2013-09-27,15317.45,15317.45,15211.81,15258.24,95665680,0.745275555,0.739393991,0.740671767,0.740411242,0.087998253
2013-09-30,15249.82,15249.82,15086.71,15129.67,122332064,0.739528639,0.733584727,0.730072416,0.729483381,0.125833767
2013-10-01,15132.49,15208.4,15110.34,15191.7,82463152,0.729558423,0.730026843,0.732074516,0.734755647,0.069265888
2013-10-02,15182.65,15182.65,15044.71,15133.14,86099040,0.733820811,0.727814976,0.726513881,0.729778315,0.074424656
2013-10-03,15127.23,15127.23,14947.03,14996.48,91308864,0.72911145,0.723054524,0.718237746,0.718162841,0.081816598
2013-10-04,14994.68,15083.99,14972.33,15072.58,75106384,0.717847902,0.719340305,0.720381339,0.724630992,0.058827761
2013-10-07,15069.3,15069.3,14920.83,14936.24,79622208,0.724188799,0.718078468,0.716017898,0.713042717,0.065235024
2013-10-08,14938.04,14938.04,14773.47,14776.53,102722640,0.71303487,0.70680353,0.703532524,0.699468099,0.098010998
2013-10-09,14778.19,14852.5,14719.43,14802.98,103192840,0.699451481,0.699455838,0.698953875,0.701716227,0.09867814
2013-10-10,14806.39,15126.07,14806.39,15126.07,106549032,0.7018478,0.722954882,0.706321737,0.729177397,0.103440062
2013-10-11,15126.52,15237.3,15100.13,15237.11,85770712,0.729051117,0.732509288,0.731209453,0.738615289,0.073958809
2013-10-14,15231.33,15309.48,15136.38,15301.26,81491400,0.737957436,0.738709386,0.734280807,0.744067745,0.067887121
2013-10-15,15300.3,15301.91,15161.33,15168.01,91747360,0.74381822,0.738059141,0.736394747,0.732742105,0.082438757
2013-10-16,15170.7,15374.15,15170.7,15373.83,92851536,0.73280535,0.744264393,0.737188639,0.750235862,0.084005414
2013-10-17,15369.46,15376.11,15229.02,15371.65,108506664,0.749695149,0.744432753,0.742129919,0.750050572,0.106217642
2013-10-18,15371.71,15412.97,15321.81,15399.65,156674656,0.749886345,0.747598943,0.749991739,0.752430444,0.174560644
2013-10-21,15401.32,15410.18,15362.66,15392.2,93476184,0.75240248,0.747359289,0.753452838,0.751797228,0.084891693
2013-10-22,15394.22,15518.1,15394.22,15467.66,107035336,0.751799151,0.756629373,0.756126823,0.758210982,0.104130053
2013-10-23,15465.34,15465.66,15366.19,15413.33,90628664,0.757842633,0.752124895,0.753751924,0.753593181,0.080851499
2013-10-24,15414.87,15528.63,15414.13,15509.21,89962680,0.753553902,0.757533876,0.757813738,0.761742542,0.07990657
2013-10-25,15523.72,15570.6,15512.96,15570.28,109913608,0.762803523,0.761139004,0.766187309,0.766933212,0.10821388
2013-10-28,15569.19,15599.09,15533.48,15568.93,92764744,0.766667375,0.763586231,0.767925908,0.766818468,0.083882269
2013-10-29,15572.21,15683.08,15572.21,15680.35,86608576,0.766924002,0.770800782,0.771207385,0.776288658,0.07514761
2013-10-30,15680.74,15721,15574.52,15618.76,79174568,0.77614643,0.774058024,0.771403105,0.77105379,0.064599891
2013-10-31,15619.92,15651.86,15544.69,15545.75,114095200,0.770978199,0.768119054,0.768875698,0.764848275,0.114146919
2013-11-01,15558.01,15649.4,15543.25,15615.55,101841912,0.765717345,0.767907746,0.768753691,0.770780955,0.09676138
2013-11-04,15621.2,15658.9,15588.48,15639.12,71198872,0.771086969,0.768723774,0.772585894,0.772784297,0.0532836
2013-11-05,15631.22,15651.89,15522.18,15618.22,91894368,0.771938427,0.768121631,0.766968493,0.771007893,0.082647339
2013-11-06,15628.72,15750.29,15628.72,15746.88,109219424,0.771725987,0.776573969,0.77599531,0.781943403,0.107228939
2013-11-07,15751.31,15797.68,15586.33,15593.98,103855696,0.782143176,0.780644663,0.772403731,0.768947604,0.099618631
2013-11-08,15591.54,15764.29,15579.35,15761.78,102018536,0.768566585,0.777776537,0.771812336,0.783209835,0.097011982
2013-11-11,15759.28,15791.45,15737.22,15783.1,58855896,0.782820433,0.78010952,0.785188191,0.785021937,0.035770808
2013-11-12,15773.15,15793.38,15708.29,15750.67,79259520,0.783999048,0.780275302,0.782737039,0.782265536,0.064720425
2013-11-13,15739.5,15822.98,15672,15821.63,92671000,0.781139611,0.782817875,0.779662295,0.788296811,0.083749261
2013-11-14,15806.22,15884.99,15798.74,15876.22,123955448,0.786809199,0.788144394,0.790400598,0.792936711,0.1281371
2013-11-15,15876.16,15962.98,15875.9,15961.7,126522568,0.79275241,0.794843559,0.796938135,0.800202119,0.13177945
2013-11-18,15962.72,16030.28,15942.17,15976.02,94859400,0.800107919,0.800624477,0.802552995,0.801419254,0.086854265
2013-11-19,15974.06,16025.85,15943.78,15967.03,84573752,0.801071545,0.80024395,0.802689405,0.800655145,0.072260506
2013-11-20,15971.2,16016.85,15865.37,15900.82,84351800,0.800828514,0.79947087,0.796045959,0.795027598,0.07194559
2013-11-21,15908.07,16016.04,15908.07,16009.99,79002288,0.795463989,0.799401293,0.799663803,0.804306548,0.064355452
2013-11-22,16008.71,16068.78,15976.27,16064.77,81045216,0.804015958,0.80393154,0.805442186,0.808962597,0.067254054
2013-11-25,16072.09,16109.63,16055.46,16072.54,94048152,0.809401728,0.807440462,0.812151719,0.809623011,0.085703228
2013-11-26,16070.93,16120.25,16070.93,16072.8,107465216,0.809303156,0.808352696,0.813462446,0.80964511,0.104739987
2013-11-27,16073.37,16107.99,16057.34,16097.33,65742940,0.809510497,0.80729959,0.812311006,0.811730048,0.045542469
2013-11-29,16105.16,16174.51,16074.14,16086.41,69193424,0.812211879,0.813013507,0.81373442,0.810801898,0.050438177
2013-12-02,16087.12,16098,15986.23,16008.77,92587824,0.810678915,0.806441471,0.806286067,0.804202853,0.083631247
2013-12-03,16004.72,16004.72,15859.68,15914.62,103918384,0.803676905,0.79842893,0.795563863,0.796200535,0.099707576
2013-12-04,15910.51,15960.36,15791.29,15889.77,111176752,0.79567133,0.794618507,0.789769382,0.794088399,0.110006088
2013-12-05,15886.5,15896.19,15809.37,15821.51,128086184,0.79363106,0.789106449,0.791301246,0.788286611,0.133997982
2013-12-06,15825.55,16022.35,15825.55,16020.2,98268880,0.788451783,0.799943307,0.792672129,0.805174351,0.091691795
2013-12-09,16019.49,16058.4,16015.29,16025.53,91809576,0.804931998,0.803039921,0.808748235,0.805627377,0.082527032
2013-12-10,16024.12,16029.06,15969.53,15973.13,79427376,0.805325436,0.800519681,0.804871126,0.801173617,0.064958587
2013-12-11,15970.75,15997.22,15827.7,15843.53,107170960,0.800790275,0.797784697,0.792854292,0.79015821,0.104322483
2013-12-12,15844.82,15845.11,15703.79,15739.43,106053056,0.790089267,0.784718792,0.782355767,0.781310187,0.102736348
2013-12-13,15745.66,15792.8,15717.92,15755.36,83204304,0.781663062,0.780225482,0.78355296,0.782664164,0.070317469
2013-12-16,15759.6,15930.31,15759.6,15884.57,101473760,0.782847626,0.79203728,0.787084382,0.793646422,0.096239029
2013-12-17,15884.06,15917.96,15836.45,15875.26,101494216,0.793423719,0.790976443,0.793595654,0.792855115,0.096268053
2013-12-18,15876.57,16173.04,15808.92,16167.97,129624512,0.79278725,0.812887238,0.791263119,0.817734124,0.136180634
2013-12-19,16162.51,16194.72,16121.54,16179.08,94992584,0.817085244,0.814749501,0.817750481,0.818678423,0.087043233
2013-12-20,16178.57,16287.84,16178.57,16221.14,285312768,0.818449956,0.822748298,0.822582463,0.822253331,0.35707842
2013-12-23,16225.25,16318.11,16225.25,16294.61,78943648,0.822416628,0.825348423,0.82653752,0.828497944,0.064272251
2013-12-24,16295.7,16360.6,16295.7,16357.55,33644712,0.828403176,0.828998218,0.832506539,0.833847556,0
2013-12-26,16370.97,16483,16370.97,16479.88,50158696,0.834799308,0.839512101,0.838883942,0.844245045,0.023430814
2013-12-27,16486.37,16529.01,16461.23,16478.41,47230556,0.844605521,0.843464256,0.846531403,0.844120102,0.019276231
2013-12-30,16484.51,16504.35,16476.87,16504.29,54229116,0.844447466,0.841346018,0.847856533,0.846319783,0.029206116
2013-12-31,16512.38,16588.25,16511.48,16576.66,78782480,0.846815743,0.848552838,0.850788936,0.852470902,0.064043578
2014-01-02,16572.17,16573.07,16416.49,16441.35,80968528,0.851896448,0.84724891,0.842740716,0.840970172,0.067145246
2014-01-03,16456.89,16518.74,16439.3,16469.99,72784592,0.842100433,0.842582086,0.844673339,0.843404441,0.055533494
2014-01-06,16474.04,16532.99,16405.52,16425.1,89398544,0.843557769,0.843806129,0.84181126,0.839588996,0.079106147
2014-01-07,16429.02,16562.32,16429.02,16530.94,81432720,0.839732156,0.846325509,0.843802345,0.848584911,0.067803863
2014-01-08,16527.66,16528.88,16416.69,16462.74,103267112,0.848114174,0.843453089,0.842757661,0.842788224,0.09878352
2014-01-09,16471.41,16525.35,16378.61,16444.76,83991896,0.843334282,0.84314987,0.839531256,0.841260006,0.071434942
2014-01-10,16453.62,16487.65,16379.02,16437.05,85197976,0.841822562,0.839911525,0.839565994,0.840604691,0.073146184
2014-01-13,16434.03,16453.13,16240.6,16257.94,111680816,0.840157885,0.836946335,0.82783808,0.825381162,0.110721278
2014-01-14,16261.99,16373.92,16260.83,16373.86,98608336,0.825538641,0.830142376,0.829552108,0.835233831,0.092173431
2014-01-15,16378.03,16505.28,16376.78,16481.94,101154568,0.835399238,0.841425902,0.839376206,0.844420136,0.095786144
2014-01-16,16477.7,16477.7,16375.56,16417.01,88292104,0.84386878,0.839056843,0.839272839,0.838901383,0.077536278
2014-01-17,16408.02,16495.26,16378.8,16458.56,184995328,0.837947663,0.840565207,0.839547354,0.842432943,0.214743339
2014-01-21,16459.27,16520.6,16316.25,16414.44,111582424,0.842302675,0.842741856,0.834247679,0.838682945,0.110581674
2014-01-22,16420.48,16453.49,16332.98,16373.34,87571824,0.839006462,0.836977259,0.835665162,0.835189633,0.076514311
2014-01-23,16371.99,16372.96,16140.58,16197.35,100696728,0.834885984,0.830059914,0.819363683,0.82023129,0.095136539
2014-01-24,16203.29,16203.29,15879.11,15879.11,141475920,0.820550559,0.815485644,0.797210109,0.793182347,0.152995966
2014-01-27,15879.05,15942.77,15783.55,15837.88,127561712,0.79299799,0.793107565,0.789113594,0.789677986,0.133253836
2014-01-28,15840.84,15945.89,15840.84,15928.56,89149768,0.789751063,0.793375566,0.793967605,0.797385371,0.078753172
2014-01-29,15927.08,15927.08,15708.98,15738.79,109592152,0.79707938,0.79175983,0.7827955,0.78125579,0.107757783
2014-01-30,15743.03,15907.53,15733.27,15848.61,92095104,0.781439576,0.790080529,0.78485352,0.790589987,0.082932153
2014-01-31,15847.19,15847.19,15617.55,15698.85,137119952,0.79029066,0.78489746,0.775048909,0.777861073,0.146815515
2014-02-03,15697.69,15708.54,15356.17,15372.8,151050368,0.777586771,0.772987738,0.75290296,0.750148317,0.166580641
2014-02-04,15372.93,15481.85,15356.62,15445.24,124113032,0.749990015,0.75351558,0.752941087,0.756305385,0.128360688
2014-02-05,15443,15478.21,15340.69,15440.23,105137352,0.755944273,0.753202912,0.751591385,0.755879558,0.101437105
2014-02-06,15443.83,15632.09,15443,15628.53,106979872,0.756014803,0.766420856,0.760259807,0.771884195,0.104051358
2014-02-07,15630.64,15798.51,15625.53,15794.08,105795168,0.771889141,0.780715958,0.77572503,0.785955187,0.102370445
2014-02-10,15793.63,15801.79,15733.69,15801.79,84109696,0.785739354,0.780997702,0.784889105,0.786610502,0.071602082
2014-02-11,15804.17,16027.19,15803.4,15994.77,95928752,0.786634999,0.800359053,0.790795426,0.803012918,0.088371512
2014-02-12,15993.04,16036.56,15928.75,15963.94,78500160,0.802684387,0.801163914,0.801415958,0.800392509,0.06364301
2014-02-13,15946.99,16039.37,15863.25,16027.59,99467200,0.798771249,0.801405287,0.795866338,0.805802467,0.093392027
2014-02-14,16018.08,16175.55,15985.39,16154.39,84087216,0.804812182,0.813102841,0.806214897,0.816579886,0.071570186
2014-02-18,16153.97,16167.33,16107.04,16130.4,91253272,0.81635955,0.812396762,0.816521939,0.814540846,0.081737722
2014-02-19,16126.23,16225.72,16031.66,16040.56,80565024,0.81400232,0.817412331,0.810135216,0.806904858,0.066572735
2014-02-20,16044.15,16161.64,16006.59,16133.23,77718272,0.807027502,0.811908004,0.808011109,0.814781383,0.06253363
2014-02-21,16135.92,16191.92,16093.8,16103.3,126585840,0.814825736,0.814508987,0.815400153,0.81223747,0.131869223
2014-02-24,16102.27,16300.04,16102.27,16207.14,244575872,0.811966299,0.823796251,0.816117791,0.821063395,0.299279004
2014-02-25,16207.34,16254.26,16147.25,16179.66,99498480,0.820894711,0.819863852,0.819928812,0.818727721,0.093436409
2014-02-26,16180.36,16252.35,16155.86,16198.41,93987352,0.818602062,0.819699787,0.820658312,0.820321385,0.085616963
2014-02-27,16197.7,16276.28,16159.81,16272.65,97649632,0.820075544,0.82175532,0.820992984,0.826631445,0.090813177
2014-02-28,16273.23,16398.95,16226.09,16321.71,122113824,0.826493769,0.832292396,0.826608691,0.83080132,0.125524118
2014-03-03,16321.71,16321.71,16071.25,16168.03,92810384,0.830613398,0.825657655,0.813489559,0.817739224,0.083947025
2014-03-04,16169.32,16419.49,16169.32,16395.88,96128136,0.817663929,0.834056735,0.821798738,0.83710543,0.088654407
2014-03-05,16395.88,16406.55,16343.96,16360.18,73981984,0.836916057,0.832945219,0.836595465,0.834071094,0.05723241
2014-03-06,16360.56,16450.17,16360.56,16421.89,75906592,0.83391471,0.836692078,0.838001933,0.839316161,0.059963134
2014-03-07,16424.53,16505.7,16398.86,16452.72,80693800,0.839350615,0.84146198,0.841246978,0.84193657,0.066755449
2014-03-10,16453.1,16453.1,16334.2,16418.68,68222048,0.841778374,0.836943758,0.835768529,0.839043326,0.049059943
2014-03-11,16419.39,16460.33,16325.17,16351.25,78152768,0.838913839,0.837564799,0.835003444,0.833312084,0.063150113
2014-03-12,16350.67,16364.74,16260.03,16340.08,77900552,0.833074299,0.829353834,0.829484326,0.832362686,0.062792258
2014-03-13,16341.55,16405.07,16084.1,16108.89,86165216,0.832299319,0.83281809,0.814578301,0.812712595,0.07451855
2014-03-14,16106.32,16165.05,16046.99,16065.67,85723376,0.812310451,0.812200915,0.811434081,0.809039093,0.073891647
2014-03-17,16066.37,16270.34,16066.37,16247.22,88928560,0.808915666,0.821245088,0.813076091,0.824470011,0.078439312
2014-03-18,16245.93,16369.94,16245.93,16336.19,79156608,0.824173929,0.829800503,0.828289675,0.832032053,0.064574409
2014-03-19,16335.71,16363.32,16126.29,16222.17,90115184,0.83180306,0.829231859,0.818152934,0.822340876,0.080122949
2014-03-20,16221.98,16353.98,16160.33,16331.05,91552112,0.822138757,0.828429575,0.821037042,0.831595177,0.08216173
2014-03-21,16332.69,16456.45,16290.79,16302.77,353686784,0.831546433,0.837231516,0.832090529,0.829191507,0.454090674
2014-03-24,16303.28,16380.51,16215.56,16276.69,110628336,0.829047293,0.830708442,0.825716515,0.826974826,0.10922797
2014-03-25,16279.2,16407.18,16279.2,16367.88,89151512,0.827001075,0.832999334,0.831108543,0.834725558,0.078755646
2014-03-26,16370.71,16466.04,16268.99,16268.99,92772448,0.834777215,0.838055275,0.83024348,0.826320361,0.0838932
2014-03-27,16268.99,16300.94,16192.82,16264.23,93702512,0.826133472,0.823873559,0.823789823,0.825915783,0.085212818
2014-03-28,16264.23,16414.86,16264.23,16323.06,86390008,0.825728987,0.833659029,0.829840179,0.830916064,0.074837495
2014-03-31,16323.06,16480.85,16323.06,16457.66,104531240,0.830728116,0.839327421,0.83482467,0.842356447,0.100577124
2014-04-01,16457.66,16565.39,16457.6,16532.61,88049184,0.842165864,0.846589216,0.846223844,0.848726854,0.077191612
2014-04-02,16532.61,16588.19,16506.76,16573,78119808,0.848534804,0.848547684,0.850389024,0.852159819,0.063103348
2014-04-03,16573,16604.15,16527.61,16572.55,77221360,0.851966978,0.849918612,0.852155583,0.852121571,0.061828588
2014-04-04,16572.55,16631.47,16392.95,16420.81,104363472,0.851928739,0.852265338,0.840746242,0.839224366,0.100339087
2014-04-07,16420.81,16421.25,16244.39,16245.87,116540728,0.839034504,0.834207915,0.828159195,0.824355267,0.117616748
2014-04-08,16245.87,16296.86,16180.68,16256.14,98518376,0.82416883,0.823523096,0.822761237,0.82522817,0.092045792
2014-04-09,16256.14,16438.82,16256.14,16437.18,91552872,0.825041532,0.835717139,0.829154738,0.840615741,0.082162808
2014-04-10,16437.18,16455.29,16153.59,16170.22,112551888,0.840425559,0.837131875,0.820465982,0.817925364,0.111957195
2014-04-11,16170.22,16170.22,16015.32,16052.12,119556704,0.817740407,0.812645006,0.808750776,0.807887405,0.121895956
2014-04-14,16052.12,16184.76,16030.67,16173.24,90024264,0.80770476,0.813893959,0.810051336,0.81818205,0.079993948
2014-04-15,16173.24,16272.26,16064.55,16262.56,98414208,0.817997034,0.821410011,0.812921888,0.825773841,0.091897993
2014-04-16,16262.56,16424.85,16262.56,16424.85,94660384,0.825587077,0.834517147,0.829698685,0.839567747,0.086571892
2014-04-17,16424.14,16460.49,16368.14,16408.54,136204608,0.839317474,0.837578543,0.838644164,0.838181472,0.145516782
2014-04-21,16408.54,16459.46,16402.92,16449.25,79511064,0.837991851,0.837490068,0.84159097,0.841641636,0.065077327
2014-04-22,16449.25,16565.71,16445.59,16514.37,84829928,0.841451217,0.846616703,0.845206272,0.847176537,0.072623981
2014-04-23,16514.37,16525.67,16477.35,16501.65,76887272,0.846984845,0.843177357,0.847897202,0.846095395,0.061354569
2014-04-24,16501.65,16541.26,16452.3,16501.65,80711664,0.845903952,0.844516503,0.84577479,0.846095395,0.066780795
2014-04-25,16501.65,16501.65,16333.82,16371.9,90659024,0.845903952,0.841114094,0.835736333,0.83506724,0.080894575
2014-04-28,16371.9,16500.36,16312.66,16448.74,105520872,0.834878336,0.841003286,0.833943509,0.841598288,0.101981261
2014-04-29,16448.74,16559.39,16448.74,16535.37,71237016,0.84140788,0.846073829,0.845473162,0.848961441,0.053337721
2014-04-30,16535.37,16592.18,16511.38,16580.84,92973824,0.848769337,0.848890416,0.850780463,0.852826183,0.084178922
2014-05-01,16580.84,16604.73,16525.58,16558.87,75627608,0.852633189,0.849968433,0.851983587,0.850958833,0.059567298
2014-05-02,16558.87,16619.93,16488.31,16509.1,78913456,0.85076627,0.851274078,0.848825811,0.846728611,0.064229413
2014-05-05,16509.1,16547.86,16377.09,16530.55,70329760,0.846537022,0.845083428,0.839402471,0.848551763,0.052050464
2014-05-06,16530.55,16530.55,16399.99,16401.02,74336560,0.848359754,0.843596538,0.84134272,0.837542306,0.057735499
2014-05-07,16401.02,16522.94,16357.35,16518.54,93866472,0.837352832,0.842942857,0.83772996,0.847530968,0.085445452
2014-05-08,16518.54,16622.95,16502.01,16550.97,75615312,0.847339194,0.851533489,0.849986571,0.85028737,0.059549852
2014-05-09,16550.97,16588.52,16498.77,16586.01,75017400,0.850094961,0.84857603,0.849712055,0.853265609,0.058701507
2014-05-12,16586.01,16704.84,16582.63,16695.47,71566560,0.853072514,0.858567655,0.856817263,0.862569208,0.053805293
2014-05-13,16695.47,16735.35,16693.35,16715.44,71337056,0.86237397,0.861188395,0.866198239,0.864266566,0.053479662
2014-05-14,16715.44,16717.56,16595.03,16613.97,73953008,0.864070938,0.859660274,0.857867878,0.855642081,0.057191297
2014-05-15,16613.97,16623.03,16397.71,16446.81,106619504,0.855448439,0.851540361,0.841149542,0.841434247,0.103540051
2014-05-16,16446.81,16498.99,16414.32,16484.09,119327344,0.841243876,0.840885606,0.842556858,0.844602876,0.121570529
2014-05-19,16484.09,16526.26,16442.25,16511.86,82184256,0.844411776,0.843228037,0.844923284,0.846963199,0.068870177
2014-05-20,16511.86,16511.86,16341.43,16374.31,75150064,0.846771555,0.84199111,0.836381106,0.835272079,0.058889736
2014-05-21,16374.31,16544.37,16374.31,16533.06,76731408,0.835083128,0.844783645,0.83916693,0.848765102,0.061133421
2014-05-22,16533.06,16565.39,16489.68,16543.08,59246028,0.848573043,0.846589216,0.848941887,0.849616756,0.036324346
2014-05-23,16544.49,16613.07,16544.49,16606.27,61343616,0.849544317,0.85068482,0.853585775,0.854987616,0.039300502
2014-05-27,16606.27,16688.63,16606.27,16675.5,80871200,0.854794125,0.857175253,0.85882021,0.860871849,0.067007152
2014-05-28,16675.5,16675.5,16620.41,16633.18,62480748,0.860677003,0.856047416,0.86001825,0.857274843,0.040913918
2014-05-29,16633.18,16698.74,16620.56,16698.74,55500928,0.857080825,0.858043679,0.860030959,0.862847143,0.031010622
2014-05-30,16698.74,16705.45,16648.85,16705.45,105192208,0.862651841,0.858620053,0.862427887,0.863417462,0.101514937
2014-06-02,16705.45,16756.64,16682.64,16743.63,57562204,0.863222029,0.863017158,0.865290813,0.866662587,0.033935257
2014-06-03,16743.63,16743.63,16690.27,16722.34,67829376,0.866466407,0.861899628,0.86593728,0.864853034,0.048502802
2014-06-04,16722.34,16742.91,16674.23,16737.53,65572932,0.864657271,0.861837782,0.864578259,0.866144115,0.045301253
2014-06-05,16737.53,16845.81,16709.95,16836.11,70461312,0.865948054,0.870676659,0.867604708,0.874522963,0.052237116
2014-06-06,16836.11,16922.42,16835.21,16908.13,80531112,0.874324973,0.877257285,0.878217615,0.880644333,0.066524619
2014-06-09,16908.13,16970.14,16908.13,16943.1,67127056,0.880444934,0.881356325,0.884395909,0.883616623,0.047506317
2014-06-10,16943.1,16946.34,16897.44,16945.92,64556544,0.883416539,0.879311959,0.883490177,0.88385631,0.043859154
2014-06-11,16945.92,16945.92,16821.85,16843.88,61865648,0.883656171,0.879275882,0.877085662,0.875183378,0.040041185
2014-06-12,16843.88,16843.88,16703.95,16734.19,73071288,0.874985235,0.870510877,0.867096346,0.86586023,0.055940272
2014-06-13,16734.19,16787.67,16718.74,16738.72,95233336,0.865664235,0.865682565,0.868349458,0.866245259,0.087384823
2014-06-16,16738.72,16802.08,16722.89,16781.01,77903264,0.866049176,0.866920351,0.868701075,0.869839716,0.062796106
2014-06-17,16781.01,16823.43,16733.23,16808.49,63534692,0.869642804,0.868754268,0.869577153,0.87217539,0.042409303
2014-06-18,16808.49,16910.35,16755.49,16906.62,73724864,0.87197794,0.876220499,0.871463176,0.88051599,0.056867596
2014-06-19,16906.62,16923.11,16858.91,16921.46,80223960,0.88031662,0.877316555,0.880225645,0.881777322,0.066088818
2014-06-20,16921.46,16977.85,16914.84,16947.08,247357760,0.881577662,0.882018597,0.884964427,0.883954905,0.303226077
2014-06-23,16947.08,16954.02,16896.51,16937.26,63637128,0.883754743,0.879971654,0.883411381,0.88312025,0.042554644
2014-06-24,16937.26,16969.36,16805.45,16818.13,78376336,0.88292028,0.881289325,0.875696138,0.872994746,0.063467322
2014-06-25,16818.13,16883.54,16799.63,16867.51,73926224,0.872797107,0.873917581,0.875203027,0.877191819,0.057153295
2014-06-26,16867.51,16872.49,16746.47,16846.13,63657160,0.876993215,0.872968411,0.870698939,0.875374617,0.042583066
2014-06-27,16846.13,16852.36,16773.84,16843.21,137693712,0.875176431,0.87123929,0.873017917,0.875126431,0.147629592
2014-06-30,16843.21,16870.95,16802.11,16826.6,90383376,0.874928302,0.872836129,0.87541315,0.873714657,0.080503473
2014-07-01,16826.6,16998.69,16822.88,16956.07,74053408,0.873516853,0.883808706,0.87717293,0.884719014,0.05733375
2014-07-02,16956.07,16986.5,16950.19,16976.24,57838368,0.884518676,0.882761612,0.887959528,0.886433371,0.034327092
2014-07-03,16976.24,17074.65,16975.14,17068.26,66797548,0.886232638,0.890333498,0.890073467,0.89425465,0.047038796
2014-07-07,17068.26,17068.26,16992.55,17024.21,61479040,0.894052116,0.889784611,0.891548564,0.890510601,0.039492648
2014-07-08,17024.21,17024.21,16875.48,16906.62,75245696,0.89030893,0.886000816,0.881629572,0.88051599,0.059025424
2014-07-09,16906.62,16998.63,16906.62,16985.61,67121992,0.88031662,0.883803552,0.884267971,0.887229778,0.047499132
2014-07-10,16985.61,16985.61,16806.18,16915.07,67520840,0.887028862,0.882685163,0.875757989,0.881234201,0.048065036
2014-07-11,16915.07,16949.17,16860.3,16943.31,60602796,0.881034666,0.87955505,0.880343416,0.883634472,0.038249392
2014-07-14,16943.31,17088.31,16936.48,17055.42,60572936,0.883434384,0.891506861,0.88679792,0.893163308,0.038207025
2014-07-15,17055.42,17120.34,17006.52,17060.68,102403520,0.892961026,0.894258166,0.892732201,0.893610384,0.097558216
2014-07-16,17060.68,17139.32,17060.68,17138.2,111552048,0.893407999,0.895888505,0.897321016,0.900199229,0.110538576
2014-07-17,17138.2,17151.36,16966.38,16976.81,99241048,0.899995326,0.896922714,0.889331258,0.886481819,0.093071152
2014-07-18,16976.81,17113.47,16976.04,17089.17,112538680,0.886281075,0.893668048,0.890149721,0.896031904,0.111938455
2014-07-21,17089.17,17092.35,16975.24,17051.73,67591656,0.895828961,0.891853888,0.89008194,0.892849675,0.048165513
2014-07-22,17051.73,17133.43,17040.13,17113.54,78135856,0.892647465,0.895382567,0.895579876,0.898103242,0.063126118
2014-07-23,17113.54,17120.34,17058.05,17086.63,73460864,0.897899822,0.894258166,0.897098184,0.895816016,0.05649302
2014-07-24,17086.63,17119.8,17061.3,17083.8,66387656,0.895613122,0.894211781,0.897373547,0.895575478,0.046457222
2014-07-25,17083.8,17083.8,16915.77,16947.31,67290624,0.89537264,0.891119462,0.885043223,0.883974454,0.047738395
2014-07-28,16947.31,17001.22,16877.72,16982.59,66187380,0.883774287,0.884026027,0.88181936,0.886973092,0.046173061
2014-07-29,16982.59,17056.46,16912.11,16912.11,75986456,0.886772235,0.888771018,0.884733123,0.880982615,0.060076449
2014-07-30,16912.11,16983.94,16817.76,16880.36,77746880,0.880783137,0.882541714,0.876739128,0.87828401,0.062574221
2014-07-31,16880.36,16880.36,16563.3,16563.3,101684696,0.878085154,0.873644426,0.85517949,0.851335363,0.096538315
2014-08-01,16563.3,16584.56,16437.07,16511.58,84856312,0.851142713,0.848235875,0.844484398,0.8469394,0.072661416
2014-08-04,16511.58,16595.83,16447.2,16569.28,76264992,0.846747762,0.849203943,0.845342683,0.851843636,0.060471649
2014-08-05,16569.28,16569.28,16369.55,16429.47,76628376,0.851650868,0.846923358,0.838763629,0.839960426,0.060987235
2014-08-06,16429.47,16490.64,16372.32,16443.34,78601856,0.839770395,0.84016836,0.838998323,0.841139313,0.063787301
2014-08-07,16443.34,16504.22,16334.67,16368.27,80448488,0.84094901,0.841334851,0.835808351,0.834758707,0.066407388
2014-08-08,16368.27,16556.53,16364.22,16553.93,82422976,0.834569874,0.845828162,0.838312034,0.850538956,0.069208885
2014-08-11,16553.93,16627.86,16550.33,16569.98,65560036,0.850346489,0.851955247,0.85408058,0.851903132,0.045282956
2014-08-12,16569.98,16588.99,16518.16,16560.54,62776376,0.851710351,0.848616402,0.851354912,0.851100776,0.041333369
2014-08-13,16560.54,16670.1,16559.71,16651.8,67005256,0.850908179,0.855583568,0.85487532,0.858857458,0.047333502
2014-08-14,16651.8,16714.22,16646.6,16713.58,62375716,0.858663075,0.859373376,0.862237251,0.864108475,0.040764894
2014-08-15,16713.58,16775.05,16575.52,16662.91,109193088,0.863912883,0.864598535,0.856214854,0.859801757,0.107191573
2014-08-18,16662.91,16840.16,16662.91,16838.74,75676352,0.859607157,0.870191337,0.863619149,0.874746501,0.059636459
2014-08-19,16838.74,16929.07,16838.74,16919.59,67221272,0.87454846,0.877828505,0.878516701,0.881618381,0.047639995
2014-08-20,16919.59,16994.83,16898.31,16979.13,61967932,0.881418757,0.88347714,0.88356389,0.886679008,0.04018631
2014-08-21,16979.13,17074.43,16976.94,17039.49,65168276,0.886478219,0.8903146,0.890225975,0.891809331,0.044727108
2014-08-22,17039.49,17063.96,16984.52,17001.22,64337920,0.891607361,0.889415251,0.890868206,0.888556557,0.04354896
2014-08-25,17001.22,17124.74,17001.22,17076.87,57403072,0.888355335,0.894636116,0.892283148,0.89498646,0.033709473
2014-08-26,17076.87,17153.8,17076.87,17106.7,50711720,0.894783758,0.897132304,0.898692747,0.897521874,0.02421547
2014-08-27,17106.7,17134.09,17090.61,17122.01,61692020,0.897318587,0.89543926,0.899856896,0.898823153,0.039794834
2014-08-28,17122.01,17122.01,17018.33,17079.57,51862780,0.898619567,0.894401615,0.893732827,0.895215948,0.025848648
2014-08-29,17079.57,17109.91,17035.45,17098.45,81516952,0.895013193,0.893362252,0.895183354,0.896820661,0.067923375
2014-09-02,17098.45,17113.51,17009.36,17067.56,64821084,0.896617536,0.893671484,0.892972826,0.894195153,0.044234496
2014-09-03,17067.56,17151.66,17060.31,17078.28,62765028,0.893992633,0.896948483,0.897289667,0.895106304,0.041317268
2014-09-04,17078.28,17161.43,17030.12,17069.58,68123880,0.894903574,0.897787704,0.894731758,0.894366844,0.048920658
2014-09-05,17069.58,17128.91,17009.62,17124.71,76688816,0.894164284,0.894994309,0.892994855,0.899052641,0.06107299
2014-09-08,17124.71,17137.75,17079.27,17111.42,65642960,0.898849002,0.895753645,0.898896092,0.897923052,0.045400612
2014-09-09,17111.42,17111.42,16993.29,17013.87,69032760,0.897719673,0.893491958,0.891611262,0.889631749,0.050210219
2014-09-10,17013.87,17080.14,16974.76,17068.71,76776352,0.889430279,0.890805077,0.890041271,0.894292898,0.06119719
2014-09-11,17068.71,17068.71,16984.01,17049,63652808,0.894090355,0.889823265,0.890824995,0.892617638,0.042576891
2014-09-12,17044.05,17044.05,16937.67,16987.51,82824979,0.89199485,0.887705027,0.886898745,0.88739127,0.069779265
2014-09-15,16973.19,17051.85,16951.58,17031.14,71741272,0.885973462,0.88837503,0.888077298,0.89109962,0.054053183
2014-09-16,17027.16,17167.05,16985.55,17131.97,73197664,0.890559608,0.898270449,0.890955475,0.899669708,0.05611958
2014-09-17,17131.01,17221.11,17089.01,17156.85,87805928,0.89938435,0.902914081,0.899721333,0.901784394,0.076846469
2014-09-18,17163.73,17275.37,17163.73,17265.99,85304066,0.90216476,0.907574892,0.906052136,0.911060794,0.07329671
2014-09-19,17267.21,17350.64,17257.46,17279.74,349622810,0.91095806,0.914040415,0.9139936,0.912229481,0.448324518
2014-09-22,17271.71,17277.88,17159.36,17172.68,74299120,0.911340451,0.907790495,0.905681879,0.903129871,0.057682377
2014-09-23,17165.91,17171.88,17055.87,17055.87,77090913,0.902350007,0.898685335,0.896913479,0.893201556,0.061643504
2014-09-24,17056.64,17226.6,17033.93,17210.06,80525172,0.893064696,0.903385659,0.895054568,0.906307,0.066516191
2014-09-25,17204.86,17204.86,16945.8,16945.8,93516626,0.905659816,0.901518243,0.887587576,0.883846111,0.084949074
2014-09-26,16948.62,17148.15,16948.11,17113.15,74665752,0.883885606,0.896646982,0.887783295,0.898070094,0.058202572
2014-09-29,17107.69,17107.69,16934.43,17071.22,70220501,0.897402713,0.893171559,0.88662423,0.894506236,0.051895442
2014-09-30,17070.45,17145.1,17017.11,17042.9,102290741,0.894238213,0.896384994,0.89362946,0.892099166,0.0973982
2014-10-01,17040.46,17041.16,16776.13,16804.71,104236056,0.891689787,0.887456783,0.873211942,0.871854107,0.100158304
2014-10-02,16808.27,16857.25,16674.04,16801.05,75492750,0.871959246,0.87165933,0.86456216,0.871543024,0.059375955
2014-10-03,16802.2,17027.84,16802.2,17009.69,87939941,0.871443442,0.886312625,0.875420776,0.889276468,0.077036613
2014-10-06,17010.34,17099.39,16930.38,16991.91,65544726,0.889130315,0.892458608,0.886281085,0.887765249,0.045261233
2014-10-07,16988.25,16988.25,16715.79,16719.39,79418351,0.887253198,0.882911933,0.868099514,0.864602298,0.064945782
2014-10-08,16718.65,17006.91,16663.26,16994.22,106928713,0.86434371,0.884514785,0.863648803,0.887961589,0.103978771
2014-10-09,16989.37,16989.37,16649.04,16659.25,93214073,0.887348371,0.883008139,0.862443985,0.859490673,0.084519798
2014-10-10,16654.88,16757.6,16543.91,16544.1,136428288,0.858924801,0.86309962,0.853536633,0.849703451,0.145834149
2014-10-13,16535.43,16602.41,16310.47,16321.07,107834992,0.848774436,0.84976915,0.833757957,0.830746923,0.105264642
2014-10-14,16321.9,16463.67,16273.64,16315.19,110405316,0.830629544,0.837851698,0.830637461,0.83024715,0.108911538
2014-10-15,16313.3,16313.3,15855.12,16141.74,160384182,0.829898751,0.824935255,0.795177507,0.815504694,0.179823893
2014-10-16,16137.14,16211.12,15935.22,16117.24,131669809,0.814929406,0.816158224,0.801964142,0.813422307,0.139082597
2014-10-17,16118.39,16427.38,16118.39,16380.41,137912529,0.813336109,0.834734469,0.81748359,0.835790551,0.14794006
2014-10-20,16373.15,16401.63,16260.54,16399.67,94324586,0.834984556,0.832522602,0.829527537,0.837427563,0.086095446
2014-10-21,16406.03,16620.78,16405.77,16614.81,105114893,0.837778561,0.851347091,0.841832442,0.855713477,0.101405239
2014-10-22,16615.26,16653.89,16459.85,16461.32,92054036,0.855558058,0.854191165,0.84641448,0.84266753,0.082873883
2014-10-23,16468.07,16767.52,16468.07,16677.9,99423314,0.843050463,0.863951725,0.847110936,0.861075838,0.09332976
2014-10-24,16677.04,16811.71,16649.72,16805.41,90411080,0.860807865,0.867747547,0.862501599,0.871913604,0.08054278
2014-10-27,16796.1,16836.98,16729.83,16817.94,72581120,0.87092509,0.869918182,0.869289081,0.872978596,0.055244798
2014-10-28,16825.19,17006.45,16825.19,17005.75,83866381,0.873397037,0.884475272,0.87736865,0.888941586,0.071256855
2014-10-29,17005.07,17065.5,16895.38,16974.31,76447861,0.888682492,0.889547534,0.88331564,0.88626933,0.060731112
2014-10-30,16968.14,17223.96,16920.76,17195.42,80181875,0.885544334,0.903158889,0.885466011,0.905062667,0.066029105
2014-10-31,17208.78,17395.54,17208.78,17390.52,121608621,0.905992922,0.917897223,0.909869088,0.921645273,0.124807312
2014-11-03,17390.9,17410.65,17339.85,17366.24,80028410,0.921468723,0.919195138,0.920974259,0.919581585,0.065811362
2014-11-04,17368.81,17397.23,17278.36,17383.84,81388131,0.919591606,0.918042391,0.915764394,0.921077504,0.067740598
2014-11-05,17385.76,17486.59,17385.76,17484.53,76034994,0.921031947,0.925718212,0.924864077,0.929635693,0.060145317
2014-11-06,17491.66,17560.31,17440.35,17554.47,70669889,0.930030889,0.932050594,0.929489325,0.935580272,0.052533054
2014-11-07,17558.58,17575.33,17493.37,17573.93,82859132,0.935717472,0.933340778,0.933981552,0.937234283,0.069827723
2014-11-10,17568.98,17621.87,17547.51,17613.74,71431565,0.936601221,0.937338459,0.938568673,0.940617951,0.053613756
2014-11-11,17615.64,17638.21,17584.94,17614.9,52876605,0.940566194,0.938742028,0.941740005,0.940716545,0.02728711
2014-11-12,17604.75,17626.71,17536.17,17612.2,75975315,0.939640807,0.937754204,0.937607868,0.940487058,0.060060641
2014-11-13,17618.69,17705.48,17583.88,17652.79,80543386,0.94082537,0.944520369,0.941650194,0.943937022,0.066542034
2014-11-14,17653.11,17664.15,17613.2,17634.74,72848633,0.943750239,0.940970215,0.944134391,0.942402854,0.055624358
2014-11-17,17631.85,17675.07,17606.81,17647.75,70332156,0.941943653,0.941908218,0.943592985,0.943508645,0.052053863
2014-11-18,17643.09,17735.71,17642.03,17687.82,87416239,0.942898781,0.947117057,0.946577071,0.946914411,0.07629356
2014-11-19,17685.51,17712.26,17624.5,17685.73,73780342,0.946503456,0.945102755,0.945091806,0.946736771,0.056946311
2014-11-20,17677.32,17720.44,17603.89,17719,77743594,0.945807504,0.945805399,0.943345582,0.949564568,0.062569558
2014-11-21,17721.02,17894.83,17721.02,17810.06,140943824,0.949520949,0.960785105,0.953269658,0.957304251,0.152241003
2014-11-24,17812.63,17855.27,17793.19,17817.9,85505296,0.957305586,0.957386991,0.959384407,0.957970615,0.073582224
2014-11-25,17819.05,17854.73,17790.89,17814.94,88193192,0.957851131,0.957340606,0.959189535,0.957719029,0.077395937
2014-11-26,17812.25,17833.76,17791.16,17827.75,67451584,0.957273295,0.95553933,0.959212411,0.95880782,0.047966773
2014-11-28,17830.55,17893.42,17807.78,17828.24,80472896,0.958828353,0.96066399,0.960620575,0.958849468,0.06644202
2014-12-01,17827.27,17827.27,17726.55,17776.8,86396768,0.958549632,0.954981854,0.953738199,0.954477304,0.074847087
2014-12-02,17778.85,17897.05,17778.85,17879.55,81968760,0.954435102,0.960975798,0.958169422,0.963210583,0.068564422
2014-12-03,17880.9,17924.15,17855.59,17912.62,99402968,0.963106887,0.963303627,0.964671374,0.966021381,0.093300892
2014-12-04,17910.02,17937.96,17814.81,17900.1,76268264,0.965581383,0.964489875,0.961216206,0.964957239,0.060476291
2014-12-05,17903.05,17991.19,17903.05,17958.79,79119008,0.964989102,0.969062211,0.968692518,0.96994562,0.06452106
2014-12-08,17954.94,17960.56,17804.28,17852.48,88683312,0.969398498,0.966431164,0.96032403,0.960909757,0.078091342
2014-12-09,17847.37,17847.37,17629.57,17801.2,100408544,0.960257647,0.956708399,0.945521372,0.956551192,0.09472765
2014-12-10,17797.99,17797.99,17508.1,17533.15,115101376,0.95606154,0.952466768,0.935229581,0.93376817,0.115574528
2014-12-11,17534.3,17758.51,17534.3,17596.34,90106000,0.933654259,0.949075526,0.937449429,0.93913903,0.080109919
2014-12-12,17590.05,17590.05,17280.83,17280.83,121956992,0.938391662,0.934605193,0.91597367,0.912322126,0.125301597
2014-12-15,17285.74,17403.54,17115.28,17180.84,114050696,0.912532663,0.918584405,0.901947112,0.903823434,0.114083774
2014-12-16,17173.07,17427.44,17067.59,17068.87,116647592,0.902958434,0.920637361,0.89790648,0.894306497,0.117768372
2014-12-17,17069.16,17389.3,17069.16,17356.87,118221016,0.894128594,0.917361221,0.898039501,0.918785177,0.12000082
2014-12-18,17367.85,17778.4,17367.85,17778.15,123985632,0.919510029,0.950784032,0.923346616,0.954592047,0.128179927
2014-12-19,17778.02,17874.03,17746.55,17804.8,343705248,0.954364572,0.958998432,0.955432739,0.956857175,0.439928404
2014-12-22,17812.25,17962.78,17812.25,17959.44,98467320,0.957273295,0.966621857,0.960999304,0.970000867,0.091973351
2014-12-23,17971.51,18069.22,17970.16,18024.17,82885888,0.970806548,0.975764812,0.974378548,0.97550262,0.069865686
2014-12-24,18035.73,18086.24,18027.78,18030.21,42870156,0.976263697,0.977226792,0.979260519,0.976015993,0.013089492
2014-12-26,18038.3,18103.45,18038.3,18053.71,52569080,0.976482085,0.978705092,0.980151848,0.978013385,0.026850779
2014-12-29,18046.58,18073.04,18021.57,18038.23,53871896,0.977185685,0.976092941,0.978734365,0.976697656,0.028699276
2014-12-30,18035.02,18035.02,17959.7,17983.07,47485504,0.976203364,0.972827109,0.973492304,0.972009309,0.019637964
2014-12-31,17987.66,18043.22,17820.88,17823.07,82838696,0.972178908,0.973531471,0.961730499,0.958410042,0.069798727
2015-01-02,17823.07,17951.78,17731.3,17832.99,76343552,0.958192734,0.965676982,0.954140652,0.959253196,0.060583113
2015-01-05,17821.3,17821.3,17475.93,17501.65,116161544,0.958042326,0.954469045,0.932503912,0.931090814,0.117078744
2015-01-06,17504.18,17581.05,17262.37,17371.64,101919448,0.931094786,0.933832113,0.914409609,0.92004056,0.096871392
2015-01-07,17374.78,17597.08,17374.78,17584.52,91042400,0.920098912,0.935209054,0.923933774,0.938134385,0.081438527
2015-01-08,17591.97,17916.04,17591.97,17907.87,114901992,0.938554816,0.962606996,0.942335636,0.965617653,0.115291633
2015-01-09,17911.02,17915.32,17686.09,17737.37,93394480,0.965666359,0.96254515,0.950310143,0.951125934,0.084775768
2015-01-12,17742.05,17793.88,17571.58,17640.84,92512752,0.951307991,0.952113729,0.940608052,0.942921327,0.083524731
2015-01-13,17645.02,17923.01,17498.23,17613.68,99362784,0.943062784,0.963205704,0.934393325,0.940612851,0.093243877
2015-01-14,17609.06,17609.06,17264.9,17427.09,109188096,0.940007053,0.936238109,0.914623969,0.924753556,0.10718449
2015-01-15,17436.3,17517.41,17298.04,17320.71,94515451,0.925326626,0.928365581,0.917431822,0.915711743,0.086366254
2015-01-16,17320,17528.37,17243.55,17511.57,140501744,0.915443935,0.92930702,0.912815047,0.931933969,0.151613759
2015-01-20,17516.96,17588.7,17346.73,17515.23,119605168,0.932180778,0.934489231,0.921557181,0.932245052,0.121964719
2015-01-21,17509.96,17599.58,17396.04,17554.28,95562728,0.931585947,0.935423798,0.92573507,0.935564123,0.08785218
2015-01-22,17557.29,17840.89,17482.54,17813.98,111983048,0.935607853,0.956151781,0.933063958,0.957637433,0.111150098
2015-01-23,17812.5,17812.5,17667.53,17672.6,97123008,0.957294539,0.953713145,0.94873761,0.945620781,0.090065978
2015-01-26,17668.11,17696.36,17567.6,17678.7,87582704,0.945024877,0.943736981,0.940270838,0.946139253,0.076529748
2015-01-27,17638.53,17638.53,17288.31,17387.21,135973664,0.942511291,0.938769515,0.916607428,0.921363938,0.145189108
2015-01-28,17402.91,17484.41,17189,17191.37,116043336,0.922489282,0.925530955,0.908193188,0.904718436,0.116911025
2015-01-29,17195.29,17433.13,17136.3,17416.85,111711216,0.904846597,0.921126119,0.903728074,0.923883203,0.110764411
2015-01-30,17416.85,17419.9,17156.82,17164.95,168561056,0.923673846,0.919989692,0.905466672,0.902472857,0.191425625
2015-02-02,17169.99,17367.68,17037.76,17361.04,108089520,0.902696708,0.915504112,0.895379073,0.919139608,0.105625779
2015-02-03,17369.97,17670.76,17369.97,17666.4,112861488,0.919690178,0.941537999,0.923526237,0.945093809,0.11239647
2015-02-04,17664.99,17782.22,17603.21,17673.02,102555968,0.944759752,0.951112161,0.943287968,0.945656479,0.097774516
2015-02-05,17677.26,17889.58,17677.26,17884.88,79903360,0.945802406,0.960334142,0.949562004,0.963663609,0.065633935
2015-02-06,17881.54,17951.09,17764.4,17824.29,93622664,0.963161271,0.965617712,0.956945116,0.958513736,0.085099526
2015-02-09,17821.49,17821.49,17685.32,17729.21,81586424,0.958058472,0.954485365,0.950244903,0.950432372,0.068021945
2015-02-10,17736.15,17890.34,17729.24,17868.76,89934496,0.950806633,0.960399424,0.953966114,0.962293482,0.079866581
2015-02-11,17867.86,17897.21,17759.65,17862.14,90246968,0.961998802,0.960989542,0.956542663,0.961730813,0.080309931
2015-02-12,17862.14,17975.65,17862.14,17972.38,117166016,0.96151274,0.967727361,0.965226336,0.971100708,0.118503936
2015-02-13,17968.65,18037.41,17961.76,18019.35,85251416,0.970563517,0.973032405,0.973666841,0.975092942,0.073222008
2015-02-17,18019.8,18052.01,17951.41,18047.58,98764928,0.974910032,0.974286512,0.972789917,0.977492363,0.092395611
2015-02-18,18045.72,18048.7,17982.2,18029.85,75143584,0.977112606,0.97400219,0.975398662,0.975985394,0.058880542
2015-02-19,18028.67,18028.67,17924.6,17985.77,79131832,0.975663768,0.972281659,0.970518385,0.972238796,0.064539255
2015-02-20,17985.77,18144.29,17878.37,18140.44,111396560,0.972018304,0.982213155,0.966601455,0.985385038,0.110317962
2015-02-23,18140.76,18141.21,18054.84,18116.84,83672472,0.98518871,0.98194859,0.981553233,0.983379146,0.070981728
2015-02-24,18112.57,18231.09,18098.73,18209.19,79345272,0.982793241,0.989669079,0.985271902,0.991228473,0.064842094
2015-02-25,18208.67,18244.38,18182.76,18224.57,80483152,0.99095942,0.99081066,0.992391513,0.992535702,0.066456571
2015-02-26,18224.41,18239.43,18157.07,18214.42,81500576,0.99229694,0.990385466,0.990214876,0.991672999,0.06790014
2015-02-27,18213.26,18213.26,18132.38,18132.7,101126976,0.991349459,0.988137522,0.988122966,0.984727173,0.095746995
2015-03-02,18134.05,18288.63,18122.59,18288.63,89794320,0.984618522,0.994611635,0.987293488,0.997980509,0.079667692
2015-03-03,18281.95,18281.95,18136.88,18203.37,83834800,0.99718645,0.994037838,0.988504238,0.990733799,0.071212046
2015-03-04,18203.37,18203.37,18029.5,18096.9,80909720,0.990509048,0.987287994,0.97940625,0.981684337,0.067061806
2015-03-05,18096.9,18160.35,18087.65,18135.72,75841248,0.98146167,0.983592673,0.984333126,0.984983859,0.059870421
2015-03-06,18135.72,18135.72,17825.15,17856.78,113355616,0.984760432,0.981477012,0.962092283,0.961275237,0.113097562
2015-03-09,17856.56,18031.04,17856.56,17995.72,85824768,0.961038575,0.972485236,0.964753559,0.973084501,0.074035506
2015-03-10,17989.56,17989.56,17662.94,17662.94,120454408,0.972340362,0.968922198,0.948348713,0.944799725,0.123169661
2015-03-11,17662.94,17731.78,17627,17635.39,102127176,0.944585552,0.946779479,0.945303624,0.942458102,0.097166126
2015-03-12,17626.84,17900.1,17620.49,17895.22,111558344,0.941517924,0.961237786,0.944752051,0.964542461,0.110547509
2015-03-13,17889.05,17889.05,17629.89,17749.31,113633432,0.96379944,0.960288616,0.945548485,0.95214078,0.113491741
2015-03-16,17751.24,17988.5,17751.24,17977.42,101762872,0.952088919,0.968831147,0.955830109,0.971529085,0.096649234
2015-03-17,17972.22,17972.22,17785.79,17849.08,82563720,0.970866881,0.967432731,0.958757427,0.960620773,0.069408579
2015-03-18,17846.8,18097.12,17697.52,18076.19,130948800,0.960209211,0.978161359,0.951278573,0.979924082,0.138059595
2015-03-19,18072.58,18072.99,17934.24,17959.03,107825856,0.979395057,0.976088646,0.971335154,0.969966019,0.10525168
2015-03-20,17961.13,18197.29,17961.13,18127.65,334381216,0.969924499,0.986765735,0.973613463,0.984297946,0.426699031
2015-03-23,18136.73,18205.93,18116.04,18116.04,98048736,0.984846257,0.987507892,0.986738526,0.98331115,0.091379444
2015-03-24,18110.87,18149.24,18010.44,18011.14,87206776,0.982648782,0.982638349,0.977791353,0.97439513,0.075996364
2015-03-25,18012.61,18041.97,17718.54,17718.54,106686896,0.974299055,0.973424099,0.953059535,0.949525471,0.10363567
2015-03-26,17716.27,17759.51,17579.27,17678.23,117743560,0.949117313,0.949161423,0.941259603,0.946099305,0.119323383
2015-03-27,17673.63,17729.14,17630.49,17712.66,103476384,0.945493943,0.946552709,0.945599321,0.949025698,0.099080445
2015-03-30,17727.48,18008.64,17727.48,17976.31,104086304,0.950069893,0.970561127,0.953816995,0.97143474,0.099945828
2015-03-31,17965.37,17965.37,17773.02,17776.12,119487784,0.970284797,0.966844332,0.957675463,0.954419507,0.121798169
2015-04-01,17778.52,17778.52,17585.01,17698.18,103386384,0.95440706,0.950794339,0.941745936,0.947794964,0.098952749
2015-04-02,17699.52,17815.03,17673.49,17763.24,87385864,0.947693968,0.953930466,0.949242583,0.953324766,0.076250462
2015-04-06,17755.5,17941.79,17646.8,17880.85,100852528,0.952450916,0.964818863,0.946981219,0.963321077,0.095357596
2015-04-07,17884.32,17983.12,17871.21,17875.42,72193688,0.963397504,0.968369017,0.96599481,0.962859552,0.054695092
2015-04-08,17877.62,17976.2,17822.23,17902.51,76829744,0.962828166,0.967774604,0.96184488,0.965162078,0.061272945
2015-04-09,17897.7,17984.22,17823.1,17958.73,86743632,0.964534481,0.968463504,0.961918593,0.96994052,0.075339234
2015-04-10,17956.73,18066.76,17945.55,18057.65,116437712,0.969550605,0.975553504,0.972293416,0.978348267,0.117470584
2015-04-13,18052.32,18107.57,17974.81,17977.04,120091520,0.977673446,0.97905899,0.974772529,0.971496786,0.122654778
2015-04-14,17979.11,18075.6,17905.48,18036.7,83204936,0.971452365,0.97631284,0.968898405,0.976567613,0.070318366
2015-04-15,18045.71,18160.52,18045.71,18112.61,113665512,0.977111756,0.983607276,0.980779675,0.983019615,0.113537257
2015-04-16,18106.27,18169.26,18063.86,18105.77,89572128,0.982257893,0.984358022,0.98231747,0.982438247,0.079352436
2015-04-17,18102.56,18102.56,17748.53,17826.3,138888736,0.981942633,0.978628643,0.955600499,0.958684577,0.149325148
2015-04-20,17841.18,18092.22,17841.18,18034.93,103166960,0.959731646,0.97774046,0.963450457,0.976417171,0.09864142
2015-04-21,18034.23,18109.7,17929.63,17949.59,95236520,0.976136233,0.979241952,0.970944562,0.969163662,0.087389341
2015-04-22,17950.82,18056.02,17887.76,18038.27,91368144,0.969048398,0.974630962,0.967397042,0.976701056,0.081900708
2015-04-23,18031.9,18133.03,17966.77,18058.69,100614760,0.97593824,0.981245947,0.974091324,0.978436662,0.095020239
2015-04-24,18056.42,18108.87,18009.08,18080.14,119195848,0.978021847,0.979170657,0.977676124,0.980259814,0.121383957
2015-04-27,18097.89,18175.56,18024.66,18037.97,123706400,0.981545796,0.984899178,0.978996171,0.976675557,0.127783739
2015-04-28,18035.9,18119.65,17917.36,18110.14,124942880,0.976278143,0.980096635,0.969904962,0.982809677,0.129538115
2015-04-29,18093.69,18096.46,17953.69,18035.53,102213168,0.981188897,0.978104666,0.972983094,0.976468168,0.097288135
2015-04-30,18033.33,18033.33,17774.89,17840.52,129216984,0.976059755,0.972681942,0.957833903,0.959893212,0.135602414
2015-05-01,17859.27,18028.89,17859.27,18024.06,91788864,0.961268859,0.972300556,0.964983169,0.975493271,0.082497645
2015-05-04,18026.02,18133.76,18026.02,18070.4,86037616,0.975438582,0.981308652,0.9791114,0.979431959,0.074337505
2015-05-05,18062.53,18086.01,17905.71,17928.2,95359712,0.97854105,0.977207035,0.968917892,0.96734561,0.087564131
2015-05-06,17934.81,18019.75,17733.12,17841.98,100452376,0.967687935,0.971515451,0.954294855,0.960017305,0.094789841
2015-05-07,17840.25,17973.07,17796.94,17924.06,80943952,0.959652619,0.967505744,0.959702134,0.966993729,0.067110376
2015-05-08,17933.64,18205.23,17933.64,18191.11,94983680,0.967588513,0.987447763,0.971284318,0.989691756,0.087030599
2015-05-11,18187.78,18199.95,18089.11,18105.17,86092208,0.989184274,0.986994223,0.984456828,0.982387249,0.074414963
2015-05-12,18096.16,18119.18,17924.8,18068.23,89280064,0.981398787,0.980056263,0.970535331,0.979247519,0.078938042
2015-05-13,18070.37,18132.79,18039.2,18060.49,85669280,0.97920726,0.981225331,0.980228102,0.978589654,0.073814893
2015-05-14,18062.49,18255.21,18062.49,18252.24,91615928,0.978537651,0.991740932,0.982201394,0.994887526,0.082252275
2015-05-15,18251.97,18272.72,18215.07,18272.56,108249680,0.994638874,0.993245002,0.995129043,0.996614632,0.105853021
2015-05-18,18267.25,18325.54,18244.26,18298.88,79110448,0.995937305,0.99778212,0.997602225,0.998851712,0.064508915
2015-05-19,18300.48,18351.36,18261.35,18312.39,87211120,0.998761052,1,0.99905021,1,0.076002527
2015-05-20,18315.06,18350.13,18272.56,18285.4,80187152,1,0.999894346,1,0.997705974,0.066036593
2015-05-21,18285.87,18314.89,18249.9,18285.74,84298928,0.997519555,0.996867309,0.998080086,0.997734872,0.071870573
2015-05-22,18286.87,18286.87,18217.14,18232.02,78915336,0.997604531,0.994460455,0.995304428,0.993168918,0.064232081
2015-05-26,18229.75,18229.75,17990.02,18041.54,109442400,0.992750711,0.989553976,0.976061227,0.976978991,0.107545308
2015-05-27,18045.08,18190.35,18045.08,18162.99,96420152,0.977058221,0.986169605,0.980726297,0.987301684,0.089068733
2015-05-28,18154.14,18154.14,18066.4,18126.12,67526184,0.986325687,0.983059248,0.982532677,0.984167903,0.048072619
2015-05-29,18128.12,18128.12,17967.74,18010.68,139894384,0.984114615,0.980824189,0.974173509,0.974356032,0.150752009
2015-06-01,18017.82,18105.83,17982.06,18040.37,85664032,0.97474178,0.978909528,0.9753868,0.976879546,0.073807446
2015-06-02,18033.33,18091.87,17925.33,18011.94,77574328,0.976059755,0.977710396,0.970580236,0.974463126,0.062329396
2015-06-03,18018.42,18168.09,18010.42,18076.27,73136728,0.974792765,0.984257521,0.977789658,0.979930882,0.056033121
2015-06-04,18072.47,18086.25,17877.43,17905.58,93491424,0.97938571,0.97722765,0.966521812,0.965423014,0.084913317
2015-06-05,17905.38,17940.78,17822.9,17849.46,89179016,0.965187096,0.964732106,0.961901647,0.960653071,0.07879467
2015-06-08,17849.46,17852.35,17760.61,17766.55,86302552,0.960435246,0.957136169,0.956624001,0.953606101,0.074713409
2015-06-09,17766.95,17817.83,17714.97,17764.04,90560872,0.953423889,0.954170979,0.95275706,0.953392762,0.080755312
2015-06-10,17765.38,18045.14,17765.38,18000.4,96983912,0.953290477,0.973696394,0.957028149,0.973482279,0.089868622
2015-06-11,18001.27,18109.77,18001.27,18039.37,89489360,0.973335429,0.979247965,0.977014406,0.976794551,0.079235001
2015-06-12,18035.83,18035.83,17857.07,17898.84,83819984,0.976272195,0.972896686,0.96479677,0.964850145,0.071191025
2015-06-15,17890.76,17890.76,17698.42,17791.17,91933008,0.963944749,0.960435502,0.951354827,0.955698688,0.082702163
2015-06-16,17787.43,17919.62,17774.12,17904.48,77525088,0.955164195,0.96291451,0.957768663,0.965329519,0.062259532
2015-06-17,17909.58,17998,17839.65,17935.74,92427296,0.965543994,0.969647175,0.963320825,0.967986476,0.083403482
2015-06-18,17944.61,18174.73,17944.61,18115.84,94469896,0.968520698,0.984827882,0.972213773,0.98329415,0.086301619
2015-06-19,18116.24,18117.71,18010.58,18015.95,258328160,0.983105102,0.979929993,0.977803215,0.974803958,0.318791395
2015-06-22,18027.63,18181.67,18027.63,18119.78,77779736,0.975575393,0.985424013,0.97924781,0.983629032,0.062620838
2015-06-23,18121.78,18188.81,18108.1,18144.07,75972240,0.983575869,0.986037323,0.986065794,0.985693571,0.060056278
2015-06-24,18141.47,18141.47,17966.07,17966.07,104994248,0.985249043,0.981970924,0.974032015,0.970564387,0.101234062
2015-06-25,17977.11,18036.1,17890.36,17890.36,79021360,0.971282413,0.972919879,0.967617332,0.964129383,0.064382512
2015-06-26,17892.03,18001.47,17892.03,17946.68,158162784,0.964052668,0.96994524,0.967758826,0.968916325,0.17667207
2015-06-29,17936.74,17936.74,17590.55,17596.35,116340640,0.967851938,0.96438508,0.942215324,0.93913988,0.117332854
2015-06-30,17599.96,17714.66,17576.5,17619.51,126477496,0.939233773,0.94530891,0.941024909,0.941108374,0.1317155
2015-07-01,17638.12,17801.83,17638.12,17757.91,87015280,0.942476451,0.952796616,0.946245788,0.95287174,0.07572466
2015-07-02,17763.32,17825.49,17687.52,17730.11,83114448,0.953115427,0.954828956,0.950431303,0.950508868,0.070189977
2015-07-06,17728.08,17734.36,17564.36,17683.58,90159032,0.950120878,0.947001095,0.939996323,0.946554031,0.080185163
2015-07-07,17684.92,17793.45,17465.68,17776.91,105863040,0.946453321,0.952076793,0.93163546,0.954486653,0.102466745
2015-07-08,17759.01,17759.01,17496.22,17515.42,69825672,0.952749181,0.949118474,0.934223024,0.932261201,0.05133524
2015-07-09,17530.38,17764.85,17530.38,17548.62,100613376,0.933321153,0.949620117,0.937117299,0.935083049,0.095018276
2015-07-10,17561.12,17797.49,17561.12,17760.41,85836616,0.935933311,0.952423819,0.939721807,0.953084229,0.074052317
2015-07-13,17787.27,17987.57,17787.27,17977.68,86394912,0.955150598,0.968751262,0.958882823,0.971551183,0.074844453
2015-07-14,17974.61,18072.82,17956.17,18053.58,76746520,0.971069973,0.976074044,0.973193217,0.978002336,0.061154863
2015-07-15,18053.38,18090.39,18010.15,18050.17,81889792,0.977763521,0.977583267,0.977766782,0.977712501,0.068452378
2015-07-16,18078.16,18131.61,18065.33,18120.25,85127552,0.979869222,0.981123972,0.982442019,0.98366898,0.073046264
2015-07-17,18117.58,18121.12,18032.06,18086.45,106553520,0.98321897,0.980222905,0.979623151,0.980796135,0.10344643
2015-07-20,18085.91,18137.12,18064.5,18100.41,75060792,0.980527785,0.981597268,0.982371696,0.981982671,0.058763073
2015-07-21,18096.67,18096.67,17868.34,17919.29,103024384,0.981442125,0.978122705,0.965751643,0.966588301,0.098439127
2015-07-22,17918.35,17919.35,17807.41,17851.04,112400904,0.966289232,0.962891318,0.960589226,0.960787364,0.111742972
2015-07-23,17853.78,17860.95,17705.03,17731.92,90130080,0.960802342,0.95787489,0.951914873,0.950662709,0.080144084
2015-07-24,17731.05,17756.54,17553.73,17568.53,103494232,0.950373256,0.948906307,0.939095675,0.936775308,0.099105769
2015-07-27,17561.78,17561.78,17399.17,17440.59,117865384,0.935989395,0.932176863,0.926000266,0.925900994,0.119496232
2015-07-28,17449.81,17650.07,17449.81,17630.27,103455344,0.92647465,0.939760775,0.930290842,0.942022925,0.099050593
2015-07-29,17631.4,17776.78,17629.2,17751.39,93158960,0.941905413,0.950644877,0.945490023,0.95231757,0.084441601
2015-07-30,17743.24,17761.25,17640.85,17745.98,76684592,0.951409112,0.949310885,0.946477093,0.951857745,0.061066997
2015-07-31,17755.87,17783.59,17671.59,17689.86,106135384,0.952482357,0.951229841,0.949081601,0.947087802,0.102853159
2015-08-03,17696.74,17704.76,17496.61,17598.2,87968752,0.947457735,0.944458522,0.934256067,0.939297122,0.077077491
2015-08-04,17596.93,17635.78,17505.5,17550.69,99072064,0.938976296,0.938533296,0.93500929,0.93525899,0.09283139
2015-08-05,17555.24,17661.37,17492.9,17540.47,102456728,0.935433653,0.940731419,0.93394173,0.934390336,0.09763371
2015-08-06,17542.61,17572.04,17362.86,17419.75,96191832,0.934360408,0.933058174,0.922923828,0.924129689,0.088744782
2015-08-07,17414.94,17414.94,17279.08,17373.38,81818896,0.923511542,0.919563639,0.915825398,0.920188452,0.068351788
2015-08-10,17375.18,17629.13,17375.18,17615.17,92438416,0.920132902,0.937962076,0.923967665,0.940739494,0.08341926
2015-08-11,17593.59,17593.59,17352.63,17402.84,103040648,0.938692477,0.934909271,0.92205707,0.922692417,0.098462203
2015-08-12,17382.93,17423.9,17125.81,17402.51,120665472,0.920791465,0.920333283,0.902839287,0.922664368,0.123469128
2015-08-13,17401.64,17481.78,17341.34,17408.25,88549264,0.922381363,0.925305044,0.921100502,0.923152242,0.077901149
2015-08-14,17410.12,17492.9,17394.06,17477.4,82148776,0.923101958,0.926260227,0.925567311,0.929029675,0.068819837
2015-08-17,17472.66,17551.4,17341.72,17545.18,73380592,0.928416348,0.931285245,0.921132699,0.934790665,0.056379127
2015-08-18,17537.3,17568.4,17486.42,17511.34,79902240,0.933909186,0.932745506,0.933392699,0.93191442,0.065632346
2015-08-19,17508.74,17517.19,17282.42,17348.73,104743496,0.931482276,0.928346683,0.916108386,0.918093315,0.100878283
2015-08-20,17345.32,17345.32,16990.69,16990.69,128562416,0.917595523,0.913583439,0.891390972,0.887661555,0.134673682
2015-08-21,16990.69,16990.69,16459.55,16459.75,225287920,0.887460539,0.883121524,0.846389061,0.842534087,0.271912355
2015-08-24,16459.75,16459.75,15370.33,15871.35,294010816,0.842343464,0.837514978,0.754102694,0.792522783,0.369419617
2015-08-25,15882.27,16312.94,15651.24,15666.44,213267696,0.793271613,0.824904331,0.777903362,0.775106372,0.254857499
2015-08-26,15676.26,16303.75,15676.26,16285.51,208432512,0.775765739,0.824114931,0.780023232,0.827724486,0.247997113
2015-08-27,16285.51,16666.69,16285.51,16654.77,172017232,0.827537273,0.855290656,0.83164317,0.859109894,0.196329409
2015-08-28,16649.42,16669.97,16535.18,16643.01,131819984,0.858460833,0.855572401,0.852796966,0.858110348,0.139295672
2015-08-31,16632.02,16632.02,16444.05,16528.03,141456272,0.856982253,0.852312582,0.845075793,0.848337575,0.152968088
2015-09-01,16528.03,16528.03,15979.95,16058.35,171401472,0.848145615,0.843380076,0.805753982,0.808416926,0.19545574
2015-09-02,16058.35,16352.58,16058.35,16351.38,133591912,0.808234159,0.828309318,0.81239658,0.833323134,0.141809766
2015-09-03,16364.34,16550.07,16317.31,16374.76,109736208,0.834235918,0.845273262,0.83433749,0.835310327,0.107962177
2015-09-04,16371.76,16371.76,16026.61,16102.38,127288880,0.834866439,0.829956836,0.809707344,0.812159275,0.132866729
2015-09-08,16109.93,16503.41,16109.93,16492.68,123915656,0.812617214,0.841265274,0.8167668,0.845332987,0.128080641
2015-09-09,16505.04,16664.65,16220.1,16253.57,118824848,0.84619202,0.855115425,0.826101176,0.825009732,0.120857565
2015-09-10,16252.57,16441.94,16212.08,16330.4,122714736,0.824738168,0.83598514,0.825421665,0.83153993,0.12637672
2015-09-11,16330.4,16434.76,16244.65,16433.09,104663464,0.831351838,0.835368394,0.828181224,0.84026811,0.10076473
2015-09-14,16450.86,16450.86,16330.87,16370.96,92665872,0.841588029,0.836751348,0.835486388,0.834987344,0.083741985
2015-09-15,16382.58,16644.11,16382.58,16599.85,93089328,0.835785878,0.853351086,0.839867623,0.854441946,0.084342804
2015-09-16,16599.51,16755.98,16593.9,16739.95,99626224,0.854219688,0.862960466,0.857772137,0.866349804,0.093617658
2015-09-17,16738.08,16933.43,16639.93,16674.74,129633032,0.865994791,0.878203019,0.861672122,0.860807252,0.136192722
2015-09-18,16674.74,16674.74,16343.76,16384.58,341708000,0.860612421,0.855982133,0.836578519,0.836144982,0.437094615
2015-09-21,16406.1,16578.6,16391.88,16510.19,90731400,0.83778451,0.847723925,0.840655584,0.846821256,0.080997265
2015-09-22,16477.45,16477.45,16221.73,16330.47,119014416,0.843847536,0.839035368,0.826239281,0.83154588,0.121126533
2015-09-23,16332.81,16355.29,16211.98,16279.89,86040096,0.83155663,0.828542101,0.825413193,0.827246811,0.074341024
2015-09-24,16257.11,16257.11,16016.36,16201.32,122236040,0.825123959,0.820108661,0.808838892,0.820568721,0.125697524
2015-09-25,16205.07,16465.23,16205.07,16314.67,130810968,0.820701816,0.837985698,0.824827729,0.830202952,0.137864033
2015-09-28,16313.26,16313.26,15981.85,16001.89,139929760,0.829895352,0.824931819,0.805914963,0.803618085,0.150802202
2015-09-29,16001.76,16118.89,15942.37,16049.13,121169392,0.803425376,0.808235875,0.80256994,0.807633269,0.124184113
2015-09-30,16057.08,16297.6,16057.08,16284.7,145790128,0.80812624,0.82358666,0.812288977,0.827655639,0.159117166
2015-10-01,16278.62,16348.87,16073.82,16272.01,111423264,0.826951789,0.827990637,0.813707307,0.826577047,0.110355851
2015-10-02,16258.25,16472.77,16013.66,16472.37,136902560,0.825220831,0.838633367,0.808610129,0.84360673,0.146507069
2015-10-05,16502.1,16798.37,16502.1,16776.43,127657712,0.845942191,0.866601671,0.849994196,0.869450437,0.133390046
2015-10-06,16774.02,16865.09,16746.03,16790.19,120021296,0.869048823,0.872332768,0.870661659,0.870619974,0.122555141
2015-10-07,16805.42,16963.3,16765,16912.29,115715728,0.871717064,0.880768785,0.87226893,0.880997914,0.1164462
2015-10-08,16904.17,17081.28,16859.34,17050.75,100736408,0.880108429,0.890903,0.880262078,0.89276638,0.095192839
2015-10-09,17054.69,17110.88,17027.23,17084.49,103744760,0.892898993,0.893445573,0.894486897,0.895634125,0.09946123
2015-10-12,17082.29,17139.21,17064.58,17131.86,72502384,0.895244327,0.895879056,0.897651452,0.899660358,0.055133084
2015-10-13,17113.55,17172.81,17034.45,17081.89,99668080,0.897900672,0.89876522,0.895098626,0.895413137,0.093677045
2015-10-14,17079.08,17111.38,16887.67,16924.75,120115712,0.894971554,0.893488522,0.882662394,0.882056957,0.122689103
2015-10-15,16944.86,17144.42,16933.57,17141.75,122976992,0.883566096,0.896326583,0.886551364,0.900500963,0.126748821
2015-10-16,17141.75,17220.02,17107.35,17215.97,145905712,0.900296991,0.902820452,0.901275226,0.906809323,0.159281162
2015-10-19,17209.43,17235.95,17129.19,17230.54,118445104,0.906048156,0.904188803,0.903125665,0.908047706,0.120318766
2015-10-20,17228.47,17264.88,17147.99,17217.11,106690592,0.907666096,0.906673825,0.904718533,0.906906218,0.103640914
2015-10-21,17225.93,17314.99,17153.13,17168.61,107138912,0.907450257,0.91097816,0.905154029,0.90278394,0.104277012
2015-10-22,17180.88,17505.18,17180.88,17489.16,153220592,0.903622095,0.927315051,0.907505204,0.930029221,0.169659856
2015-10-23,17525.11,17679.37,17525.11,17646.7,158119920,0.932873331,0.942277579,0.936670787,0.9434194,0.176611252
2015-10-26,17649.57,17660.7,17602.51,17623.05,116719776,0.943449425,0.940673868,0.943228659,0.941409258,0.11787079
2015-10-27,17608.89,17635.18,17540.57,17581.43,116742560,0.939992607,0.938481757,0.937980667,0.937871749,0.117903117
2015-10-28,17586.69,17779.95,17556.71,17779.52,115657120,0.938106143,0.950917173,0.939348161,0.954708491,0.116363044
2015-10-29,17771.5,17786,17684.72,17755.8,90327648,0.953810529,0.951436854,0.950194067,0.9526924,0.080424403
2015-10-30,17756.6,17799.96,17662.87,17663.54,149375520,0.952544389,0.952635987,0.948342782,0.944850723,0.164204288
2015-11-02,17672.62,17845.9,17655.02,17828.76,100843920,0.945408118,0.956582129,0.947677675,0.958893666,0.095345382
2015-11-03,17819.74,17977.85,17796.02,17918.15,92324760,0.957909764,0.967916336,0.959624185,0.966491406,0.083257999
2015-11-04,17929.58,17964.12,17828.83,17867.58,99922288,0.967243511,0.96673696,0.962404078,0.962193188,0.094037728
2015-11-05,17871.25,17929.51,17779.19,17863.43,98912280,0.96228687,0.963764039,0.958198229,0.961840457,0.092604681
2015-11-06,17855.22,17912.04,17768.6,17910.33,107472408,0.960924707,0.962263405,0.95730097,0.965826742,0.104750191
2015-11-09,17900.78,17900.78,17667.78,17730.48,121239328,0.964796207,0.961296197,0.948758791,0.950540316,0.124283342
2015-11-10,17724.13,17768.66,17657.72,17758.21,108645816,0.949785224,0.949947388,0.947906438,0.952897239,0.106415078
2015-11-11,17769.5,17807.18,17696.91,17702.22,95234808,0.953640578,0.953256169,0.95122689,0.948138345,0.087386912
2015-11-12,17691.93,17691.93,17443.5,17448.07,113846688,0.947049001,0.943356454,0.929756215,0.92653676,0.113794318
2015-11-13,17439.25,17439.25,17238.89,17245.24,134706352,0.925577305,0.921651814,0.912420219,0.909297139,0.143390986
2015-11-16,17229.94,17483.01,17210.43,17483.01,137592432,0.90779101,0.925410699,0.910008888,0.9295065,0.147485891
2015-11-17,17486.99,17599.33,17451.41,17489.5,167195648,0.929634052,0.935402324,0.930426406,0.93005812,0.18948832
2015-11-18,17485.49,17752.16,17485.49,17737.16,106826520,0.929506588,0.948530075,0.933313903,0.951108085,0.103833775
2015-11-19,17739.83,17772.97,17681.98,17732.75,114647536,0.951119344,0.950317607,0.949961915,0.950733255,0.114930599
2015-11-20,17732.75,17914.34,17732.75,17823.81,153158640,0.950517715,0.96246097,0.954263506,0.958472938,0.169571956
2015-11-23,17823.61,17868.18,17751.53,17792.68,134683536,0.958238621,0.958495931,0.95585468,0.955827031,0.143358614
2015-11-24,17770.9,17862.6,17683.51,17812.19,127184632,0.953759544,0.958016621,0.950091548,0.957485292,0.132718818
2015-11-25,17820.81,17854.92,17801.83,17813.39,82551056,0.958000688,0.957356927,0.960116449,0.957587286,0.06939061
2015-11-27,17806.04,17830.36,17749.32,17798.49,46829488,0.956745595,0.955247278,0.955667433,0.956320854,0.018707177
2015-11-30,17802.84,17837.24,17719.79,17719.92,155590912,0.956473672,0.955838255,0.953165444,0.949642764,0.173022977
2015-12-01,17719.72,17895.5,17719.72,17888.35,103917288,0.94941048,0.960842657,0.953159513,0.963958543,0.099706021
2015-12-02,17883.14,17901.58,17708.2,17729.68,102860464,0.963297233,0.961364915,0.952183458,0.95047232,0.098206549
2015-12-03,17741.57,17780.59,17425.56,17477.67,127001400,0.951267202,0.950972148,0.928236212,0.929052624,0.132458839
2015-12-04,17482.68,17866.47,17482.68,17847.63,137655200,0.929267806,0.958349045,0.93307582,0.960497529,0.14757495
2015-12-07,17845.49,17845.49,17639.25,17730.51,99673496,0.960097892,0.956546911,0.94634153,0.950542866,0.09368473
2015-12-08,17703.99,17703.99,17485.39,17568,113723000,0.94807381,0.944392381,0.93330543,0.93673026,0.113618824
2015-12-09,17558.18,17767.69,17403.51,17492.3,122037392,0.935683482,0.949864067,0.926367981,0.930296107,0.125415672
2015-12-10,17493.17,17697.74,17474.66,17574.75,107316936,0.930159202,0.94385552,0.932396309,0.937303979,0.1045296
2015-12-11,17574.75,17574.75,17230.5,17265.21,134527920,0.937091532,0.933290957,0.911709359,0.910994497,0.143137818
2015-12-14,17277.11,17378.02,17138.47,17368.5,142546576,0.911799321,0.916392295,0.903911931,0.919773674,0.154515063
2015-12-15,17374.78,17627.63,17341.18,17524.91,123430720,0.920098912,0.93783323,0.921086946,0.933067808,0.127392591
2015-12-16,17530.85,17784.36,17483.68,17749.09,123794744,0.933361092,0.951295982,0.933160547,0.952122081,0.127909086
2015-12-17,17756.54,17796.76,17493.5,17495.84,115812528,0.952539291,0.952361114,0.933992566,0.930596991,0.116583544
2015-12-18,17495.04,17496.58,17124.31,17128.55,344599392,0.930318107,0.926576331,0.902712197,0.899379023,0.441197057
2015-12-21,17154.94,17272.36,17116.73,17251.62,114923208,0.901417822,0.90731634,0.902069966,0.90983941,0.115321735
2015-12-22,17253.55,17451.11,17242.86,17417.27,91571784,0.90979729,0.922670561,0.912756585,0.923918901,0.082189642
2015-12-23,17427.63,17607.92,17427.63,17602.61,92822752,0.924589885,0.936140185,0.928411597,0.939671952,0.083964574
2015-12-24,17593.26,17606.34,17543.95,17552.17,40348500,0.938664435,0.936004467,0.938267044,0.935384783,0.009511648
2015-12-28,17535.66,17536.9,17437.34,17528.27,59769996,0.933769826,0.930039728,0.929234296,0.933353392,0.037067776
2015-12-29,17547.37,17750.02,17547.37,17720.98,69858664,0.934764893,0.948346254,0.938556811,0.949732859,0.05138205
2015-12-30,17711.94,17714.13,17588.87,17603.87,59761008,0.948749368,0.945263384,0.942072982,0.939779046,0.037055023
2015-12-31,17590.66,17590.66,17421.16,17425.03,93717456,0.938443497,0.93465759,0.927863413,0.924578465,0.085234021
,,,,,,,,,,
,,,,,,,,,,
,,,,,,,,,,
,,,,,,,,,,
,,,,,,,,,,
,,,,,,,,,,
,,,,,,,,,,
,,,,,,,,,,
,,,,,,,,,,
,,,,,,,,,,
,,,,,,,,,,
,,,,,,,,,,
,,,,,,,,,,
,,,,,,,,,,
,,,,,,,,,,
,,,,,,,,,,
,,,,,,,,,,
,,,,,,,,,,
,,,,,,,,,,
,,,,,,,,,,
,,,,,,,,,,
,,,,,,,,,,
,,,,,,,,,,
,,,,,,,,,,
,,,,,,,,,,
,,,,,,,,,,
,,,,,,,,,,
,,,,,,,,,,
,,,,,,,,,,
,,,,,,,,,,
,,,,,,,,,,
,,,,,,,,,,
,,,,,,,,,,
,,,,,,,,,,
,,,,,,,,,,
,,,,,,,,,,
,,,,,,,,,,
,,,,,,,,,,
,,,,,,,,,,
,,,,,,,,,,
,,,,,,,,,,
,,,,,,,,,,
,,,,,,,,,,
,,,,,,,,,,
,,,,,,,,,,
,,,,,,,,,,
,,,,,,,,,,
,,,,,,,,,,
,,,,,,,,,,
,,,,,,,,,,
,,,,,,,,,,
,,,,,,,,,,
,,,,,,,,,,
,,,,,,,,,,
,,,,,,,,,,
,,,,,,,,,,
,,,,,,,,,,
,,,,,,,,,,
,,,,,,,,,,
,,,,,,,,,,
,,,,,,,,,,
,,,,,,,,,,
,,,,,,,,,,
,,,,,,,,,,
,,,,,,,,,,
,,,,,,,,,,
,,,,,,,,,,
,,,,,,,,,,
,,,,,,,,,,
,,,,,,,,,,
,,,,,,,,,,
,,,,,,,,,,
,,,,,,,,,,
,,,,,,,,,,
,,,,,,,,,,
,,,,,,,,,,
,,,,,,,,,,
,,,,,,,,,,
,,,,,,,,,,
,,,,,,,,,,
,,,,,,,,,,
,,,,,,,,,,
,,,,,,,,,,
,,,,,,,,,,
,,,,,,,,,,
,,,,,,,,,,
,,,,,,,,,,
,,,,,,,,,,
,,,,,,,,,,
,,,,,,,,,,
,,,,,,,,,,
,,,,,,,,,,
,,,,,,,,,,
,,,,,,,,,,
,,,,,,,,,,
,,,,,,,,,,
,,,,,,,,,,
,,,,,,,,,,
,,,,,,,,,,
,,,,,,,,,,
,,,,,,,,,,
,,,,,,,,,,
,,,,,,,,,,
,,,,,,,,,,
,,,,,,,,,,
,,,,,,,,,,
,,,,,,,,,,
,,,,,,,,,,
,,,,,,,,,,
,,,,,,,,,,
,,,,,,,,,,
,,,,,,,,,,
,,,,,,,,,,
,,,,,,,,,,
,,,,,,,,,,
,,,,,,,,,,
,,,,,,,,,,
,,,,,,,,,,
,,,,,,,,,,
,,,,,,,,,,
,,,,,,,,,,
,,,,,,,,,,
,,,,,,,,,,
,,,,,,,,,,
,,,,,,,,,,
,,,,,,,,,,
,,,,,,,,,,
,,,,,,,,,,
,,,,,,,,,,
,,,,,,,,,,
,,,,,,,,,,
,,,,,,,,,,
,,,,,,,,,,
,,,,,,,,,,
,,,,,,,,,,
,,,,,,,,,,
,,,,,,,,,,
,,,,,,,,,,
,,,,,,,,,,
,,,,,,,,,,
,,,,,,,,,,
,,,,,,,,,,
,,,,,,,,,,
,,,,,,,,,,
,,,,,,,,,,
,,,,,,,,,,
,,,,,,,,,,
,,,,,,,,,,
,,,,,,,,,,
,,,,,,,,,,
,,,,,,,,,,
,,,,,,,,,,
,,,,,,,,,,
,,,,,,,,,,
,,,,,,,,,,
,,,,,,,,,,
,,,,,,,,,,
,,,,,,,,,,
,,,,,,,,,,
,,,,,,,,,,
,,,,,,,,,,
,,,,,,,,,,
,,,,,,,,,,
,,,,,,,,,,
,,,,,,,,,,
,,,,,,,,,,
,,,,,,,,,,
,,,,,,,,,,
,,,,,,,,,,
,,,,,,,,,,
,,,,,,,,,,
,,,,,,,,,,
,,,,,,,,,,
,,,,,,,,,,
,,,,,,,,,,
,,,,,,,,,,
,,,,,,,,,,
,,,,,,,,,,
,,,,,,,,,,
,,,,,,,,,,
,,,,,,,,,,
,,,,,,,,,,
,,,,,,,,,,
,,,,,,,,,,
,,,,,,,,,,
,,,,,,,,,,
,,,,,,,,,,
,,,,,,,,,,
,,,,,,,,,,
,,,,,,,,,,
,,,,,,,,,,
,,,,,,,,,,
,,,,,,,,,,
,,,,,,,,,,
,,,,,,,,,,
,,,,,,,,,,
